Month,SiteID,SiteName,Region,Revenue,Payroll,Procurement,Fleet,Agency,OtherOpex,BudgetOpex,ActualOpex,EBITDA,EBITDA_Margin
2025-01-01,S001,Preston Care & Education Centre,North,474619.09,233960.25333333333,29957.93,2618.05,10926,35029.32,300615.21,312491.55333333334,162127.53666666668,0.3415950602970198
2025-01-01,S002,Manchester Care & Education Centre,North,322229.82,162668.40666666668,46147.12,2313.88,8327,18848.64,237293.33,238305.0466666667,83924.77333333332,0.26045005187084586
2025-01-01,S003,Leeds Care & Education Centre,North,443270.86,209015.64666666667,56737.509999999995,4026.1400000000003,10572,30594.89,321242.97,310946.1866666667,132324.67333333328,0.2985187732244192
2025-01-01,S004,Newcastle Care & Education Centre,North,225588.97,126464.86333333333,19671.36,2389.81,5978,17476.53,168715.6,171980.56333333332,53608.40666666668,0.23763753461291426
2025-01-01,S005,Sheffield Care & Education Centre,North,480577.57,198889.36333333334,114638.35999999999,2136.15,1820,37508.21,356469.83,354992.0833333334,125585.48666666663,0.2613219894275686
2025-01-01,S006,Birmingham Care & Education Centre,Midlands,253082.63,105935.06666666667,39216.380000000005,2082.71,4172,18193.51,172312.36,169599.66666666666,83482.96333333335,0.32986445309713014
2025-01-01,S007,Nottingham Care & Education Centre,Midlands,459390.76,194379.62333333332,80306.32,2365.0699999999997,2890,34864.61,316673.53,314805.62333333335,144585.13666666666,0.3147323569735418
2025-01-01,S008,Leicester Care & Education Centre,Midlands,408256.15,187881.80000000002,70155.56999999999,3437.69,4479,30631.99,301514.81,296586.05,111670.10000000003,0.2735294985758329
2025-01-01,S009,Derby Care & Education Centre,Midlands,257222.08,107740.25666666665,46215.75,5176.84,8384,15475.41,179413.25,182992.25666666665,74229.82333333333,0.28858262608456214
2025-01-01,S010,Coventry Care & Education Centre,Midlands,336788.75,171773.5133333333,23581.270000000004,4097.030000000001,9165,18906.29,229154.82,227523.10333333333,109265.64666666667,0.3244337783452288
2025-01-01,S011,London Care & Education Centre,South,275996.19,107439.79999999999,49352.19,5448.97,7647,20130.61,189971.53,190018.57,85977.62,0.3115174162367966
2025-01-01,S012,Bristol Care & Education Centre,South,323384.21,148083.26666666666,34609.060000000005,2439.87,5498,25385.59,216520.19,216015.78666666665,107368.42333333337,0.3320150459211764
2025-01-01,S013,Reading Care & Education Centre,South,304742.86,124718.59999999999,55216.89,5503.599999999999,7063,18805.81,203956.39,211307.9,93434.95999999999,0.3066026222894935
2025-01-01,S014,Southampton Care & Education Centre,South,305780.56,125991.85999999999,57625.21000000001,4045.84,6474,20845.22,208451.45,214982.13,90798.43,0.2969398381636818
2025-01-01,S015,Brighton Care & Education Centre,South,360398.87,158653.90666666668,65459.24,2145.48,4480,26341.41,262219.72,257080.03666666668,103318.83333333331,0.28667912675012913
2025-01-01,S016,Cardiff Care & Education Centre,Wales,291973.08,120008.08000000002,72383.82999999999,3580.6500000000005,1633,24012.53,229693.0,221618.09,70354.99000000002,0.24096396147206453
2025-01-01,S017,Swansea Care & Education Centre,Wales,201201.32,82462.04666666666,46251.9,5071.360000000001,1242,13993.28,154415.68,149020.58666666664,52180.733333333366,0.259345879705627
2025-01-01,S018,Newport Care & Education Centre,Wales,284831.13,139224.43,35418.92,3243.53,2277,20545.02,196666.49,200708.89999999997,84122.23000000004,0.2953407164448634
2025-01-01,S019,Wrexham Care & Education Centre,Wales,559247.42,151573.78333333333,179125.03999999998,3030.36,280,43546.28,375649.37,377555.46333333326,181691.95666666678,0.32488653531323713
2025-01-01,S020,Bangor Care & Education Centre,Wales,290662.91,177234.66999999998,5931.72,5584.87,4130,21993.45,215139.23,214874.71,75788.19999999998,0.26074259010205325
2025-02-01,S001,Preston Care & Education Centre,North,351203.43,155986.9833333333,50576.98,4832.000000000001,6802,22362.24,241877.75,240560.2033333333,110643.22666666668,0.3150402792668246
2025-02-01,S002,Manchester Care & Education Centre,North,359737.03,178414.94333333336,58187.329999999994,4629.98,1708,26374.62,275929.54,269314.87333333335,90422.15666666668,0.25135626617773177
2025-02-01,S003,Leeds Care & Education Centre,North,337699.18,132360.12,87404.68,2855.6,7406,26906.65,252084.49,256933.05,80766.13,0.23916590499272164
2025-02-01,S004,Newcastle Care & Education Centre,North,397540.99,188115.5766666667,33281.509999999995,3648.79,10391,31979.65,277166.63,267416.5266666667,130124.46333333332,0.32732338703823555
2025-02-01,S005,Sheffield Care & Education Centre,North,285523.55,143334.73666666666,39452.87,3768.39,5369,17539.79,201940.49,209464.78666666668,76058.7633333333,0.2663835026334371
2025-02-01,S006,Birmingham Care & Education Centre,Midlands,395483.58,193280.96666666665,50791.67,3511.7,3612,32478.02,291486.77,283674.3566666667,111809.22333333333,0.28271520990412125
2025-02-01,S007,Nottingham Care & Education Centre,Midlands,363859.27,170371.29,61831.81000000001,2024.09,11867,24495.83,277972.31,270590.02,93269.25,0.25633330710524427
2025-02-01,S008,Leicester Care & Education Centre,Midlands,344400.33,182556.53666666668,22552.03,3069.0499999999997,3318,25753.54,239732.2,237249.15666666668,107151.17333333334,0.3111238985553043
2025-02-01,S009,Derby Care & Education Centre,Midlands,462655.1,223542.49666666667,50717.33,4125.709999999999,5745,29047.68,321937.67,313178.2166666667,149476.8833333333,0.32308491429864994
2025-02-01,S010,Coventry Care & Education Centre,Midlands,288783.43,93107.50333333333,69749.06,4422.75,3243,20611.18,198369.65,191133.49333333332,97649.93666666668,0.3381424504399947
2025-02-01,S011,London Care & Education Centre,South,260889.87,140156.02000000002,30810.93,2458.3,3738,17239.94,197541.9,194403.19,66486.68,0.2548457707461006
2025-02-01,S012,Bristol Care & Education Centre,South,373620.11,108861.21666666666,110044.66,2223.44,10056,26298.62,257575.74,257483.93666666665,116136.17333333334,0.3108402632110283
2025-02-01,S013,Reading Care & Education Centre,South,558321.97,194811.8566666667,124209.37,3223.0299999999997,2716,40501.45,377180.82,365461.7066666667,192860.26333333325,0.3454283974054133
2025-02-01,S014,Southampton Care & Education Centre,South,393025.84,162027.37666666668,59107.53,3757.2299999999996,7350,22600.96,253710.71,254843.09666666668,138182.74333333335,0.35158691686361726
2025-02-01,S015,Brighton Care & Education Centre,South,272079.81,140552.24666666667,32889.41,5774.73,7645,21790.44,208712.75,208651.8266666667,63427.98333333331,0.23312271253546268
2025-02-01,S016,Cardiff Care & Education Centre,Wales,354382.57,168776.98,45500.12,3358.99,2660,22571.69,246005.37,242867.78,111514.79000000001,0.31467346150799685
2025-02-01,S017,Swansea Care & Education Centre,Wales,314082.92,172559.37,30160.170000000002,4926.7,7738,25004.28,232130.87,240388.52000000002,73694.39999999997,0.23463358020232356
2025-02-01,S018,Newport Care & Education Centre,Wales,476779.3,269461.23333333334,18460.07,3566.86,6949,31929.93,324024.99,330367.0933333333,146412.20666666667,0.30708591305592897
2025-02-01,S019,Wrexham Care & Education Centre,Wales,488956.01,234469.1066666667,61111.41,4166.32,6909,29250.08,325700.9,335905.91666666674,153050.09333333327,0.31301403439817266
2025-02-01,S020,Bangor Care & Education Centre,Wales,397565.47,195071.79666666666,26617.629999999997,5200.74,6199,32402.87,265958.16,265492.0366666667,132073.4333333333,0.33220549393621457
2025-03-01,S001,Preston Care & Education Centre,North,291212.4,110484.61,57946.44,2276.53,5880,18053.46,202159.73,194641.03999999998,96571.36000000004,0.3316182964736393
2025-03-01,S002,Manchester Care & Education Centre,North,400910.01,192893.53333333333,37350.66,2012.88,1840,26545.85,269661.31,260642.92333333334,140267.08666666667,0.3498717496893297
2025-03-01,S003,Leeds Care & Education Centre,North,278175.87,116533.66,51327.16999999999,4005.2299999999996,2478,15814.7,182943.27,190158.76,88017.10999999999,0.3164081413675456
2025-03-01,S004,Newcastle Care & Education Centre,North,268184.91,129373.20000000001,31278.92,5124.900000000001,2277,18119.55,183495.62,186173.56999999998,82011.34,0.3058014710820232
2025-03-01,S005,Sheffield Care & Education Centre,North,453023.57,215201.92666666667,58458.06999999999,2386.38,1886,36180.42,306067.24,314112.79666666663,138910.77333333337,0.3066303444947321
2025-03-01,S006,Birmingham Care & Education Centre,Midlands,440414.93,218610.26,64322.09,2952.65,7528,31667.1,319867.26,325080.1,115334.83000000002,0.26187765705399685
2025-03-01,S007,Nottingham Care & Education Centre,Midlands,252980.12,106549.23333333334,44227.64,5313.22,6194,19716.84,184446.79,182000.93333333335,70979.18666666665,0.2805721914696959
2025-03-01,S008,Leicester Care & Education Centre,Midlands,398203.09,145621.53333333333,76587.73,4632.34,7090,28004.41,261929.4,261936.0133333333,136267.07666666672,0.342204970500522
2025-03-01,S009,Derby Care & Education Centre,Midlands,432805.38,225566.71999999997,21847.98,2982.7199999999993,8670,27315.42,278715.79,286382.83999999997,146422.54000000004,0.3383103509480405
2025-03-01,S010,Coventry Care & Education Centre,Midlands,513792.71,169901.28333333333,136761.77000000002,3438.75,4913,36885.52,352032.26,351900.32333333336,161892.38666666666,0.3150928059424328
2025-03-01,S011,London Care & Education Centre,South,428183.98,161454.6766666667,100140.98999999999,4638.72,5610,33211.96,306974.44,305056.3466666667,123127.6333333333,0.28755777676066563
2025-03-01,S012,Bristol Care & Education Centre,South,451346.05,172037.69666666668,77058.59999999999,5354.41,7999,37419.5,299320.7,299869.20666666667,151476.84333333332,0.3356113193708759
2025-03-01,S013,Reading Care & Education Centre,South,286903.16,100708.65333333334,70695.56000000001,2082.6800000000003,3444,18078.93,196395.82,195009.82333333333,91893.33666666664,0.32029391613067854
2025-03-01,S014,Southampton Care & Education Centre,South,370141.81,161890.51333333334,68547.84999999999,3076.2,11301,21667.15,275110.82,266482.7133333334,103659.09666666662,0.2800523849674443
2025-03-01,S015,Brighton Care & Education Centre,South,272476.34,115822.12,62611.98,2698.25,3738,19735.25,198262.71,204605.6,67870.74000000002,0.24908856306569596
2025-03-01,S016,Cardiff Care & Education Centre,Wales,329573.05,123358.07666666665,75932.55,3714.73,7540,23014.31,234528.43,233559.66666666666,96013.38333333333,0.2913265612383456
2025-03-01,S017,Swansea Care & Education Centre,Wales,341455.13,146779.94,70387.40999999999,3985.9000000000005,3934,23773.88,252329.11,248861.12999999998,92594.00000000003,0.2711747221369907
2025-03-01,S018,Newport Care & Education Centre,Wales,257115.53,106408.33333333331,38264.46000000001,3962.4500000000003,5484,18408.53,168720.16,172527.77333333335,84587.75666666665,0.3289873492537252
2025-03-01,S019,Wrexham Care & Education Centre,Wales,463853.34,212527.30333333334,61643.71,5312.94,2464,30438.65,319359.84,312386.6033333334,151466.73666666663,0.32654014449193497
2025-03-01,S020,Bangor Care & Education Centre,Wales,414831.94,173523.52333333335,82137.03,4529.83,3318,32745.14,303477.64,296253.5233333333,118578.41666666669,0.28584688215344917
2025-04-01,S001,Preston Care & Education Centre,North,329750.4,121133.58666666667,68284.87,3582.81,9187,22075.06,220546.83,224263.32666666666,105487.07333333336,0.3198997585244274
2025-04-01,S002,Manchester Care & Education Centre,North,265453.58,137696.92333333334,32233.379999999997,4761.25,6853,19415.91,199700.56,200960.46333333335,64493.11666666667,0.2429544053113417
2025-04-01,S003,Leeds Care & Education Centre,North,299705.72,112291.34333333332,66468.11,2358.5,3577,23992.22,206622.25,208687.1733333333,91018.54666666666,0.30369305819944536
2025-04-01,S004,Newcastle Care & Education Centre,North,334383.13,195498.27333333335,6670.14,2174.34,4956,25617.31,243101.6,234916.06333333335,99467.06666666665,0.2974643686918854
2025-04-01,S005,Sheffield Care & Education Centre,North,433912.36,202028.97,65986.1,4757.53,4326,27323.18,304706.73,304421.78,129490.57999999996,0.29842565443399666
2025-04-01,S006,Birmingham Care & Education Centre,Midlands,490275.57,215047.81333333335,101847.6,5269.58,6668,33494.84,352268.14,362327.8333333334,127947.73666666663,0.2609710630017046
2025-04-01,S007,Nottingham Care & Education Centre,Midlands,400686.66,176907.69,72641.5,2979.43,7444,26676.94,278848.27,286649.56,114037.09999999998,0.28460418422714645
2025-04-01,S008,Leicester Care & Education Centre,Midlands,412735.8,135715.52,96137.57,2560.14,8084,29882.04,266782.6,272379.27,140356.52999999997,0.34006386167616176
2025-04-01,S009,Derby Care & Education Centre,Midlands,404644.76,172992.44,62160.780000000006,5480.92,9118,25596.42,276377.52,275348.56,129296.20000000001,0.3195301478758801
2025-04-01,S010,Coventry Care & Education Centre,Midlands,298128.25,159938.00666666668,32490.7,4656.84,8507,25051.67,239134.77,230644.21666666667,67484.03333333333,0.22635906974039974
2025-04-01,S011,London Care & Education Centre,South,460374.02,222189.68666666665,47088.67,3928.3599999999997,4087,28993.23,303839.85,306286.9466666666,154087.07333333342,0.3346997585427028
2025-04-01,S012,Bristol Care & Education Centre,South,502240.77,150303.01,146659.7,2411.8,7224,31057.85,325259.99,337656.36,164584.41000000003,0.32770021836339575
2025-04-01,S013,Reading Care & Education Centre,South,314487.97,154973.59,35777.92,3959.79,5894,26590.08,225290.37,227195.38,87292.58999999997,0.27757052201392624
2025-04-01,S014,Southampton Care & Education Centre,South,314644.33,174624.68000000002,24276.92,5539.070000000001,6608,26626.99,238193.02,237675.66000000003,76968.66999999998,0.24462118862907836
2025-04-01,S015,Brighton Care & Education Centre,South,371597.81,199281.15666666668,22201.39,5630.21,3332,21197.61,242020.67,251642.3666666667,119955.4433333333,0.3228098769832182
2025-04-01,S016,Cardiff Care & Education Centre,Wales,412577.32,158829.28666666665,75843.59999999999,4508.35,7146,23795.58,260913.86,270122.81666666665,142454.50333333336,0.34527953047281745
2025-04-01,S017,Swansea Care & Education Centre,Wales,527963.09,170086.41999999998,127574.94,4202.06,5154,30826.91,348548.85,337844.32999999996,190118.76,0.36009858189139704
2025-04-01,S018,Newport Care & Education Centre,Wales,300923.05,122258.9,40527.24,3083.98,9244,18792.21,196406.65,193906.33,107016.72,0.35562819132665313
2025-04-01,S019,Wrexham Care & Education Centre,Wales,340853.5,149760.89333333334,39677.83,4106.91,5026,25292.32,217832.97,223863.95333333334,116989.54666666666,0.34322530549537167
2025-04-01,S020,Bangor Care & Education Centre,Wales,443514.12,175488.89666666667,77664.87,2459.02,9710,27115.18,290271.11,292437.9666666666,151076.15333333338,0.3406343710845855
2025-05-01,S001,Preston Care & Education Centre,North,382180.02,207837.31000000003,33425.93,2933.12,8432,26467.23,277033.24,279095.59,103084.43,0.26972741798485433
2025-05-01,S002,Manchester Care & Education Centre,North,287292.87,120673.01333333334,67004.45,3829.8900000000003,6610,17409.2,211192.32,215526.55333333334,71766.31666666665,0.24980194136619768
2025-05-01,S003,Leeds Care & Education Centre,North,527637.25,222170.4566666667,76779.39,4196.88,7602,34104.64,345158.04,344853.3666666667,182783.8833333333,0.34641959667050287
2025-05-01,S004,Newcastle Care & Education Centre,North,338295.3,119195.9,86616.61,5494.94,5804,26519.9,247535.92,243631.35,94663.94999999998,0.27982638245343633
2025-05-01,S005,Sheffield Care & Education Centre,North,454234.06,174727.6933333333,82290.22999999998,5232.73,5623,29892.91,308632.62,297766.56333333324,156467.49666666676,0.3444644742551159
2025-05-01,S006,Birmingham Care & Education Centre,Midlands,216851.37,82215.51999999999,44678.270000000004,2082.24,2240,15150.92,143582.26,146366.95,70484.41999999998,0.32503562232509753
2025-05-01,S007,Nottingham Care & Education Centre,Midlands,206059.13,100372.11000000002,15559.25,4356.280000000001,7193,13984.72,143166.18,141465.36000000002,64593.76999999999,0.31347201165024813
2025-05-01,S008,Leicester Care & Education Centre,Midlands,328021.62,91399.29333333333,96503.3,4822.69,1863,24900.26,215513.17,219488.54333333333,108533.07666666666,0.3308717171345799
2025-05-01,S009,Derby Care & Education Centre,Midlands,224377.6,96505.51333333332,28218.839999999997,1833.13,8392,15143.63,154237.22,150093.11333333334,74284.48666666666,0.3310690847333542
2025-05-01,S010,Coventry Care & Education Centre,Midlands,287438.68,148813.84000000003,25712.070000000003,2545.5,5208,22193.16,210959.68,204472.57000000004,82966.10999999996,0.2886393369187472
2025-05-01,S011,London Care & Education Centre,South,266529.05,121139.67666666668,27796.130000000005,2292.84,5418,15181.5,172045.16,171828.1466666667,94700.90333333329,0.35531175057027853
2025-05-01,S012,Bristol Care & Education Centre,South,389049.96,190803.28333333333,37250.130000000005,5597.300000000001,3712,28337.0,267256.39,265699.7133333333,123350.2466666667,0.3170550298133091
2025-05-01,S013,Reading Care & Education Centre,South,224493.95,111460.90000000001,23391.29,2655.39,3013,12628.89,153652.31,153149.47000000003,71344.47999999998,0.31780134832141343
2025-05-01,S014,Southampton Care & Education Centre,South,416861.6,195410.19666666666,43213.909999999996,3778.23,3528,22963.05,266757.4,268893.38666666666,147968.21333333332,0.35495764861367257
2025-05-01,S015,Brighton Care & Education Centre,South,291945.57,140972.89333333334,29759.38,3059.7400000000002,504,17331.0,188124.05,191627.01333333334,100318.55666666667,0.3436207532337849
2025-05-01,S016,Cardiff Care & Education Centre,Wales,262639.6,120192.57666666666,36310.8,5759.849999999999,5069,17704.79,190185.35,185037.01666666666,77602.58333333331,0.2954717541959907
2025-05-01,S017,Swansea Care & Education Centre,Wales,316247.9,159374.68333333332,49775.17,3060.82,1725,19542.29,230236.32,233477.96333333335,82769.93666666668,0.261724857830413
2025-05-01,S018,Newport Care & Education Centre,Wales,327296.25,165817.81666666665,43546.14,2811.29,6041,21875.04,237719.79,240091.28666666668,87204.96333333332,0.26644045977713865
2025-05-01,S019,Wrexham Care & Education Centre,Wales,415788.28,235556.40666666668,29666.38,4724.1900000000005,3318,28134.54,305333.82,301399.51666666666,114388.76333333337,0.275113005429911
2025-05-01,S020,Bangor Care & Education Centre,Wales,413256.37,185488.97999999998,56597.03,4977.250000000001,8554,34074.7,294301.09,289691.95999999996,123564.41000000003,0.2990018278484129
2025-06-01,S001,Preston Care & Education Centre,North,551261.28,149023.52666666667,180155.9,5096.4800000000005,8745,41837.63,386384.18,384858.5366666666,166402.7433333334,0.30185821019994985
2025-06-01,S002,Manchester Care & Education Centre,North,573866.81,241174.2966666667,124283.68,2641.1099999999997,5966,40286.42,416579.77,414351.50666666665,159515.3033333334,0.2779657240211076
2025-06-01,S003,Leeds Care & Education Centre,North,420520.81,210666.54333333333,33510.25,2231.7400000000002,10642,34063.01,287092.14,291113.54333333333,129407.26666666666,0.307730945982594
2025-06-01,S004,Newcastle Care & Education Centre,North,221738.7,59848.77333333333,67583.64,2869.5000000000005,7522,18707.4,160332.89,156531.31333333332,65207.38666666669,0.29407309895235556
2025-06-01,S005,Sheffield Care & Education Centre,North,251148.27,135836.03333333333,25358.29,4257.8,6178,14748.31,180932.72,186378.43333333332,64769.83666666667,0.2578948151491017
2025-06-01,S006,Birmingham Care & Education Centre,Midlands,256892.87,115018.97333333334,35961.52,2904.1400000000003,5502,15520.81,179732.35,174907.44333333336,81985.42666666664,0.3191424762651709
2025-06-01,S007,Nottingham Care & Education Centre,Midlands,364255.16,194193.72666666668,16976.989999999998,2991.5199999999995,5152,30903.6,245141.35,250217.83666666667,114037.3233333333,0.31306989126340257
2025-06-01,S008,Leicester Care & Education Centre,Midlands,396854.85,214538.08,6952.93,3980.42,7868,32412.97,256068.14,265752.4,131102.44999999995,0.33035365449105625
2025-06-01,S009,Derby Care & Education Centre,Midlands,401579.03,188846.54333333333,71419.18,3090.77,7868,27803.09,297173.19,299027.5833333334,102551.44666666666,0.25537052237679503
2025-06-01,S010,Coventry Care & Education Centre,Midlands,322846.95,177078.97999999998,10462.82,4492.45,4033,19955.84,217682.26,216023.09,106823.86000000002,0.33088080900253203
2025-06-01,S011,London Care & Education Centre,South,478516.35,216970.32,65618.51000000001,4301.349999999999,2553,34289.13,321010.0,323732.31,154784.03999999998,0.3234665649355555
2025-06-01,S012,Bristol Care & Education Centre,South,262619.32,120855.97000000002,34299.69,5579.73,7208,16402.31,191363.58,184345.70000000004,78273.61999999997,0.2980497398287375
2025-06-01,S013,Reading Care & Education Centre,South,299146.6,148747.68666666668,30701.23,2334.5,2323,17350.58,202734.54,201456.9966666667,97689.60333333327,0.3265609682120181
2025-06-01,S014,Southampton Care & Education Centre,South,273750.35,121724.80000000002,43623.12,3283.2299999999996,9306,19979.62,196000.67,197916.77000000002,75833.57999999996,0.27701728965825967
2025-06-01,S015,Brighton Care & Education Centre,South,138546.18,76860.38,15433.990000000002,2428.3,690,7723.01,104423.34,103135.68000000001,35410.499999999985,0.25558626011918906
2025-06-01,S016,Cardiff Care & Education Centre,Wales,310626.07,105989.55666666666,80468.67000000001,5004.79,2128,24604.63,214682.06,218195.6466666667,92430.42333333331,0.29756170605169524
2025-06-01,S017,Swansea Care & Education Centre,Wales,452079.97,148226.98666666666,110275.8,3203.96,2321,28257.95,281692.29,292285.6966666667,159794.27333333326,0.35346461674321306
2025-06-01,S018,Newport Care & Education Centre,Wales,379510.75,146180.12333333332,69254.84,4134.900000000001,3864,32242.93,259407.8,255676.7933333333,123833.9566666667,0.3262989432227327
2025-06-01,S019,Wrexham Care & Education Centre,Wales,319177.66,162582.69666666666,40705.840000000004,4581.42,1568,26201.58,242455.44,235639.53666666668,83538.1233333333,0.26172923046473023
2025-06-01,S020,Bangor Care & Education Centre,Wales,390699.85,205231.71666666667,29511.019999999997,2404.5200000000004,4680,26544.23,266449.09,268371.48666666663,122328.36333333334,0.3131006150458807
2025-07-01,S001,Preston Care & Education Centre,North,210666.5,105612.68333333333,18557.46,5907.37,6874,14340.94,147199.44,151292.45333333334,59374.04666666666,0.28183905208785764
2025-07-01,S002,Manchester Care & Education Centre,North,237830.0,80123.32666666666,51138.79,3795.37,7232,19726.05,159614.44,162015.53666666665,75814.46333333335,0.3187758623106141
2025-07-01,S003,Leeds Care & Education Centre,North,190374.81,88625.43666666666,21499.67,2027.05,924,13269.29,125770.28,126345.44666666666,64029.36333333334,0.33633316998889373
2025-07-01,S004,Newcastle Care & Education Centre,North,387588.8,119111.15,113948.31999999999,4186.13,5737,21656.73,263593.93,264639.32999999996,122949.47000000003,0.3172162611509931
2025-07-01,S005,Sheffield Care & Education Centre,North,607256.58,256475.84333333338,90083.27,2317.7,6804,47390.4,418057.65,403071.21333333344,204185.36666666652,0.3362423288466739
2025-07-01,S006,Birmingham Care & Education Centre,Midlands,221864.18,107988.45666666667,28608.55,2263.6000000000004,8860,15573.24,164712.68,163293.84666666665,58570.33333333334,0.26399184101432394
2025-07-01,S007,Nottingham Care & Education Centre,Midlands,424020.99,230946.98333333334,30121.17,2833.9800000000005,7074,26406.12,304096.68,297382.2533333333,126638.7366666667,0.2986614805712017
2025-07-01,S008,Leicester Care & Education Centre,Midlands,322587.66,131237.81666666665,76261.54000000001,2381.5099999999998,2392,21656.31,231707.04,233929.17666666667,88658.48333333331,0.2748353217644262
2025-07-01,S009,Derby Care & Education Centre,Midlands,384872.18,206326.45999999996,34618.939999999995,5454.36,12718,28482.85,293822.55,287600.6099999999,97271.57000000007,0.25273733736743476
2025-07-01,S010,Coventry Care & Education Centre,Midlands,334834.78,181150.77333333335,29908.54,2344.94,3900,21320.84,231149.42,238625.09333333335,96209.68666666668,0.2873348063384176
2025-07-01,S011,London Care & Education Centre,South,351844.58,143173.27666666667,67061.87999999999,3022.5200000000004,3822,25723.19,239831.42,242802.86666666667,109041.71333333335,0.3099144324841762
2025-07-01,S012,Bristol Care & Education Centre,South,360975.73,116657.94999999998,91438.25,2613.81,1648,19952.82,240337.92,232310.83,128664.9,0.3564364285654329
2025-07-01,S013,Reading Care & Education Centre,South,307368.72,175140.13,12622.74,3797.45,4856,24794.59,214458.04,221210.91,86157.80999999997,0.28030767086514197
2025-07-01,S014,Southampton Care & Education Centre,South,302351.76,124791.99666666667,67324.61,3293.7799999999997,7363,18271.52,225678.65,221044.90666666668,81306.85333333333,0.2689147677967323
2025-07-01,S015,Brighton Care & Education Centre,South,351251.8,135569.10333333333,81933.84,3222.8199999999997,2714,29480.57,252482.58,252920.33333333334,98331.46666666665,0.27994580146398296
2025-07-01,S016,Cardiff Care & Education Centre,Wales,426143.56,170117.37333333332,81108.13,3423.02,7224,27408.91,280819.06,289281.4333333333,136862.1266666667,0.3211643669252369
2025-07-01,S017,Swansea Care & Education Centre,Wales,311690.83,150233.2633333333,44102.88,2293.26,6384,17772.6,212444.69,220786.00333333333,90904.82666666669,0.29165062913999323
2025-07-01,S018,Newport Care & Education Centre,Wales,332315.87,99956.93,115715.25,5181.990000000001,5004,21078.1,256487.65,246936.27,85379.6,0.25692302928536037
2025-07-01,S019,Wrexham Care & Education Centre,Wales,335817.17,146653.34666666668,69232.18,3466.3200000000006,8333,27645.0,262515.58,255329.84666666668,80487.3233333333,0.23967602172733846
2025-07-01,S020,Bangor Care & Education Centre,Wales,551620.5,165375.9,151904.41,4637.2300000000005,8369,34496.16,373446.49,364782.69999999995,186837.80000000005,0.3387071365186755
2025-08-01,S001,Preston Care & Education Centre,North,437671.07,227366.8,32232.9,3343.6,6784,37115.03,294718.85,306842.32999999996,130828.74000000005,0.29892023706296156
2025-08-01,S002,Manchester Care & Education Centre,North,416141.64,177034.55666666667,61007.9,3795.05,3790,29589.96,266594.31,275217.4666666667,140924.17333333334,0.3386447300331044
2025-08-01,S003,Leeds Care & Education Centre,North,433894.31,189490.19666666666,62308.43,4629.01,13243,36646.43,305856.37,306317.06666666665,127577.24333333335,0.2940283852381778
2025-08-01,S004,Newcastle Care & Education Centre,North,401059.01,180430.25333333336,67071.13,3928.51,1840,28781.95,275189.72,282051.8433333334,119007.16666666663,0.2967323104564254
2025-08-01,S005,Sheffield Care & Education Centre,North,303023.82,144455.77333333335,51852.12,2191.4300000000003,7448,21919.28,234838.93,227866.60333333333,75157.21666666667,0.24802412122804957
2025-08-01,S006,Birmingham Care & Education Centre,Midlands,288854.65,141004.81333333332,38306.369999999995,3613.2,3824,23952.33,217397.04,210700.71333333332,78153.9366666667,0.27056492483907285
2025-08-01,S007,Nottingham Care & Education Centre,Midlands,493691.51,239914.10666666666,45615.59999999999,2991.8900000000003,1652,31199.29,311986.48,321372.88666666666,172318.62333333335,0.34904109113266574
2025-08-01,S008,Leicester Care & Education Centre,Midlands,299820.14,144735.44999999998,31000.53,4688.56,1955,23618.59,211811.26,205998.12999999998,93822.01000000004,0.31292764388676503
2025-08-01,S009,Derby Care & Education Centre,Midlands,295332.58,71549.74333333332,99770.56,4299.79,6412,20008.68,196339.58,202040.77333333332,93291.8066666667,0.31588728431745217
2025-08-01,S010,Coventry Care & Education Centre,Midlands,345257.09,113901.02666666667,108184.93,3654.5200000000004,7550,20694.27,247968.17,253984.74666666664,91272.34333333338,0.2643605185148649
2025-08-01,S011,London Care & Education Centre,South,463449.52,196457.4966666667,102361.90000000002,3100.17,3417,35714.57,351541.81,341051.1366666667,122398.3833333333,0.26410294552324337
2025-08-01,S012,Bristol Care & Education Centre,South,278419.34,126439.48666666666,46560.259999999995,5384.99,2128,18905.37,202551.91,199418.10666666663,79001.2333333334,0.28374908630030293
2025-08-01,S013,Reading Care & Education Centre,South,310345.37,149844.15666666665,29998.32,4077.3500000000004,4515,25135.48,214122.0,213570.30666666667,96775.06333333332,0.31183021461971006
2025-08-01,S014,Southampton Care & Education Centre,South,379626.02,200678.27333333332,32664.399999999998,3674.41,4088,24869.54,272762.32,265974.6233333333,113651.39666666673,0.29937725729829245
2025-08-01,S015,Brighton Care & Education Centre,South,253122.71,150535.70333333334,2195.86,4430.97,12085,21389.38,197469.16,190636.91333333333,62485.79666666666,0.2468597016311443
2025-08-01,S016,Cardiff Care & Education Centre,Wales,238493.75,146346.27666666667,6210.68,2326.83,4409,14032.38,175706.64,173325.16666666666,65168.58333333334,0.273250696646488
2025-08-01,S017,Swansea Care & Education Centre,Wales,348348.46,169946.22333333336,34326.61,3849.5200000000004,4600,21589.53,231018.37,234311.88333333336,114036.57666666666,0.32736351602262476
2025-08-01,S018,Newport Care & Education Centre,Wales,373852.38,178543.40333333332,62431.5,4208.84,1036,29499.75,286305.98,275719.4933333333,98132.88666666672,0.26249100424789784
2025-08-01,S019,Wrexham Care & Education Centre,Wales,390133.17,216867.69666666666,27935.010000000002,5471.839999999999,5978,21825.25,287967.86,278077.79666666663,112055.37333333335,0.28722339434335553
2025-08-01,S020,Bangor Care & Education Centre,Wales,293841.65,150903.89666666667,36461.310000000005,3008.45,3108,21916.07,211696.45,215397.72666666668,78443.92333333334,0.2669598517886533
2025-09-01,S001,Preston Care & Education Centre,North,323476.16,153550.13,44548.85,2953.79,4179,24970.1,237013.46,230201.87000000002,93274.28999999995,0.2883498122396406
2025-09-01,S002,Manchester Care & Education Centre,North,387244.95,206238.4,20673.0,2454.7200000000003,1372,22189.57,245642.23,252927.69,134317.26,0.3468534838220615
2025-09-01,S003,Leeds Care & Education Centre,North,356440.27,168697.87666666668,61718.13,2947.63,3906,29598.67,277216.94,266868.3066666667,89571.96333333332,0.25129585760142453
2025-09-01,S004,Newcastle Care & Education Centre,North,321482.12,176847.87666666668,21974.15,2587.3599999999997,9112,22863.17,238338.84,233384.55666666664,88097.56333333335,0.2740356550259571
2025-09-01,S005,Sheffield Care & Education Centre,North,293964.24,137272.30666666667,33069.43,4421.65,3682,20500.36,205949.99,198945.74666666664,95018.49333333335,0.3232314696962234
2025-09-01,S006,Birmingham Care & Education Centre,Midlands,463979.36,218644.36999999997,51897.02,5940.570000000001,5054,39205.64,319477.88,320741.6,143237.76,0.3087158014959976
2025-09-01,S007,Nottingham Care & Education Centre,Midlands,494509.72,226728.65,61427.24,1920.4,1960,33104.62,317500.88,325140.91000000003,169368.80999999994,0.34249844472217844
2025-09-01,S008,Leicester Care & Education Centre,Midlands,418490.76,205879.99,38039.93,2030.1399999999999,10885,31115.6,292063.02,287950.66,130540.10000000003,0.31193066245954876
2025-09-01,S009,Derby Care & Education Centre,Midlands,296630.33,93087.63333333333,92231.37,3590.01,9517,17825.0,210916.16,216251.01333333334,80379.31666666668,0.27097470668851253
2025-09-01,S010,Coventry Care & Education Centre,Midlands,305654.99,138908.58333333334,34836.979999999996,2352.48,6404,21752.51,207278.88,204254.55333333337,101400.43666666662,0.3317480165027459
2025-09-01,S011,London Care & Education Centre,South,395606.02,190268.53666666668,37169.52,3127.82,6139,32412.86,265966.48,269117.7366666667,126488.28333333333,0.3197329589002041
2025-09-01,S012,Bristol Care & Education Centre,South,348017.67,178859.22333333333,56995.490000000005,2927.98,667,24809.16,270626.35,264258.85333333333,83758.81666666665,0.24067403435769988
2025-09-01,S013,Reading Care & Education Centre,South,311261.9,190468.1433333333,8504.99,2802.55,10232,24440.64,245193.43,236448.3233333333,74813.57666666672,0.2403557154494871
2025-09-01,S014,Southampton Care & Education Centre,South,293279.43,128763.26999999999,34413.75,4251.55,7851,18373.34,196979.99,193652.90999999997,99626.52000000002,0.3396982870568182
2025-09-01,S015,Brighton Care & Education Centre,South,273243.29,130860.44333333333,42013.19,2884.16,6104,18197.56,207970.98,200059.35333333333,73183.93666666665,0.26783434157401137
2025-09-01,S016,Cardiff Care & Education Centre,Wales,292678.0,111358.83666666667,50393.399999999994,5364.93,3611,18950.9,190366.75,189679.06666666665,102998.93333333335,0.35191894619114983
2025-09-01,S017,Swansea Care & Education Centre,Wales,228295.44,115183.39000000001,10327.13,4701.18,6163,14383.29,155507.4,150757.99000000002,77537.44999999998,0.33963643776678143
2025-09-01,S018,Newport Care & Education Centre,Wales,300434.97,124620.18666666668,57976.52,2625.95,9944,18592.58,210434.57,213759.2366666667,86675.73333333328,0.28850081378120956
2025-09-01,S019,Wrexham Care & Education Centre,Wales,300146.23,125305.95999999999,69866.69,3250.37,7205,24799.58,234114.53,230427.59999999998,69718.63,0.2322822112408342
2025-09-01,S020,Bangor Care & Education Centre,Wales,494798.8,146147.88999999998,148037.24,4375.15,6630,28755.29,322434.43,333945.57,160853.22999999998,0.32508815704484323
2025-10-01,S001,Preston Care & Education Centre,North,492289.89,186629.22,99969.95999999999,4491.26,966,33582.17,325772.94,325638.61,166651.28000000003,0.3385226537965263
2025-10-01,S002,Manchester Care & Education Centre,North,354514.41,195602.96000000002,14961.850000000002,5745.290000000001,6819,20210.45,241879.21,243339.55000000005,111174.85999999993,0.3135975770350208
2025-10-01,S003,Leeds Care & Education Centre,North,352965.0,155027.7,44669.92,4055.8300000000004,1817,22365.85,223457.69,227936.3,125028.70000000001,0.3542240732083918
2025-10-01,S004,Newcastle Care & Education Centre,North,506440.4,192555.58000000002,112729.45000000001,4482.81,759,33315.64,337292.63,343842.48000000004,162597.91999999998,0.32106032615091523
2025-10-01,S005,Sheffield Care & Education Centre,North,232044.42,102216.16666666669,43005.72,5534.61,7696,16464.04,179386.69,174916.53666666668,57127.88333333333,0.24619373882523582
2025-10-01,S006,Birmingham Care & Education Centre,Midlands,350239.15,131340.71666666667,65997.33,2472.7200000000003,7759,26496.65,233600.37,234066.4166666667,116172.73333333334,0.33169545247392623
2025-10-01,S007,Nottingham Care & Education Centre,Midlands,501498.83,175551.41666666666,122616.94,3948.21,7972,34357.73,352279.78,344446.2966666667,157052.53333333333,0.31316630057408773
2025-10-01,S008,Leicester Care & Education Centre,Midlands,456867.48,240235.20333333334,59693.57999999999,2501.52,6487,33924.06,346980.44,342841.36333333334,114026.11666666664,0.24958247557183683
2025-10-01,S009,Derby Care & Education Centre,Midlands,358686.17,112685.38333333335,85307.99,3750.8,9771,27540.21,235622.52,239055.38333333333,119630.78666666665,0.33352494930782156
2025-10-01,S010,Coventry Care & Education Centre,Midlands,538091.89,218275.32666666666,107219.93,2402.92,3483,31585.99,364030.83,362967.1666666666,175124.7233333334,0.3254550506853641
2025-10-01,S011,London Care & Education Centre,South,362264.79,165125.1333333333,42672.23000000001,2349.0,1792,25494.3,232787.66,237432.6633333333,124832.12666666668,0.3445880751112099
2025-10-01,S012,Bristol Care & Education Centre,South,282218.82,126934.61666666667,44559.44,1966.8600000000001,3424,18790.1,197586.35,195675.01666666666,86543.80333333334,0.3066549684154067
2025-10-01,S013,Reading Care & Education Centre,South,355315.27,132980.50666666668,75875.61,4007.4199999999996,8323,30075.72,251818.93,251262.2566666667,104053.0133333333,0.292847006922425
2025-10-01,S014,Southampton Care & Education Centre,South,341157.63,145117.88666666666,52232.520000000004,3775.93,4436,27819.35,238316.95,233381.68666666668,107775.94333333333,0.3159124517699731
2025-10-01,S015,Brighton Care & Education Centre,South,447332.46,171539.93666666665,93545.16999999998,5308.86,7161,28710.8,318155.83,306265.7666666666,141066.69333333342,0.31535089882217227
2025-10-01,S016,Cardiff Care & Education Centre,Wales,516766.86,238757.37,80015.4,2449.31,5859,39321.99,376296.26,366403.07,150363.78999999998,0.29097026461797487
2025-10-01,S017,Swansea Care & Education Centre,Wales,312681.84,148368.19999999998,55854.229999999996,3122.25,4176,25074.7,240021.73,236595.38,76086.46000000002,0.2433350782379943
2025-10-01,S018,Newport Care & Education Centre,Wales,594924.5,220063.39999999997,167020.63,3199.0699999999997,1495,36871.36,439287.64,428649.45999999996,166275.04000000004,0.2794893133498453
2025-10-01,S019,Wrexham Care & Education Centre,Wales,259428.88,92927.55333333334,50787.520000000004,4999.2,5460,21946.35,176690.51,176120.62333333338,83308.25666666662,0.32112175277735705
2025-10-01,S020,Bangor Care & Education Centre,Wales,435525.58,172362.37,70864.0,3706.08,7739,33236.78,280423.3,287908.23,147617.35000000003,0.3389407115880542
2025-11-01,S001,Preston Care & Education Centre,North,257891.78,129763.00666666665,32972.11,3330.2200000000003,7518,15760.3,190203.21,189343.63666666663,68548.14333333337,0.26580197063021305
2025-11-01,S002,Manchester Care & Education Centre,North,288091.18,164773.5166666667,11539.42,4239.05,10095,19730.19,210738.41,210377.1766666667,77714.0033333333,0.26975488570435685
2025-11-01,S003,Leeds Care & Education Centre,North,259756.58,120788.45666666665,43645.61,4284.04,2814,20461.15,186632.0,191993.25666666665,67763.32333333333,0.26087240343760815
2025-11-01,S004,Newcastle Care & Education Centre,North,365699.75,179514.87,58785.83,4310.79,4410,27201.53,275313.45,274223.02,91476.72999999998,0.25014162574625765
2025-11-01,S005,Sheffield Care & Education Centre,North,273609.92,139893.47333333336,39467.67,4103.209999999999,4181,22599.77,204477.95,210245.12333333335,63364.79666666663,0.23158808228395605
2025-11-01,S006,Birmingham Care & Education Centre,Midlands,413120.06,152501.15,83374.13,5080.88,3780,25325.38,262983.82,270061.54,143058.52000000002,0.3462880016041826
2025-11-01,S007,Nottingham Care & Education Centre,Midlands,298464.86,140721.6666666667,27445.87,2800.53,6260,24690.39,205338.0,201918.45666666667,96546.40333333332,0.32347661742602907
2025-11-01,S008,Leicester Care & Education Centre,Midlands,507316.0,223789.86333333334,87670.09,4106.83,1426,31130.3,338256.04,348123.0833333334,159192.91666666663,0.3137943937637816
2025-11-01,S009,Derby Care & Education Centre,Midlands,249860.84,98377.88333333333,63831.68000000001,3097.2300000000005,5586,14619.16,180838.75,185511.95333333337,64348.88666666663,0.2575389031217002
2025-11-01,S010,Coventry Care & Education Centre,Midlands,162893.88,57416.863333333335,42642.130000000005,3315.08,5407,8969.49,113634.29,117750.56333333335,45143.31666666665,0.27713328865803094
2025-11-01,S011,London Care & Education Centre,South,314994.43,124440.89666666667,60982.59999999999,2852.4300000000003,9716,21683.99,217556.53,219675.91666666663,95318.51333333337,0.3026038058302598
2025-11-01,S012,Bristol Care & Education Centre,South,341022.04,171846.6666666667,52263.2,3068.08,6042,19061.09,259168.81,252281.03666666668,88741.0033333333,0.2602207274736064
2025-11-01,S013,Reading Care & Education Centre,South,548461.3,214484.99333333335,114574.05,2410.16,8946,44444.6,397777.25,384859.8033333333,163601.49666666676,0.2982917785934336
2025-11-01,S014,Southampton Care & Education Centre,South,403353.61,227453.71666666667,9145.47,4522.990000000001,5922,30834.76,269469.27,277878.93666666665,125474.67333333334,0.31107859263571075
2025-11-01,S015,Brighton Care & Education Centre,South,357389.1,199007.83000000002,18744.09,2290.21,3621,28424.9,245823.16,252088.03,105301.06999999998,0.2946398477177955
2025-11-01,S016,Cardiff Care & Education Centre,Wales,268721.96,122396.16,46019.38,1768.3700000000001,2783,15528.96,181886.63,188495.87,80226.09000000003,0.29854683256999176
2025-11-01,S017,Swansea Care & Education Centre,Wales,286152.52,107851.27333333333,54896.7,5283.75,5856,23445.11,194007.59,197332.8333333333,88819.6866666667,0.31039281662334023
2025-11-01,S018,Newport Care & Education Centre,Wales,368262.52,208078.84333333332,20516.27,4900.16,6225,22949.77,271987.59,262670.04333333333,105592.47666666668,0.2867315323499841
2025-11-01,S019,Wrexham Care & Education Centre,Wales,163126.84,71158.91,20832.829999999998,4558.6,4821,12667.37,116649.46,114038.71,49088.12999999999,0.30092000801339613
2025-11-01,S020,Bangor Care & Education Centre,Wales,350962.84,176811.66666666666,45620.78,3858.76,3906,27547.48,263238.45,257744.68666666668,93218.15333333335,0.26560690394838765
2025-12-01,S001,Preston Care & Education Centre,North,437725.53,170746.22333333336,91697.96999999999,2882.6499999999996,8493,25890.41,295271.23,299710.25333333336,138015.27666666667,0.3153009527835095
2025-12-01,S002,Manchester Care & Education Centre,North,457079.4,194777.06,83436.84,4420.8,10301,38610.99,326676.73,331546.69,125532.71000000002,0.27464092671864015
2025-12-01,S003,Leeds Care & Education Centre,North,234338.98,118583.33,18907.620000000003,3050.7,2996,13575.2,150874.21,157112.85000000003,77226.12999999998,0.32954880148407223
2025-12-01,S004,Newcastle Care & Education Centre,North,432460.48,237322.64,17764.690000000002,2935.93,4392,36688.89,298076.29,299104.15,133356.32999999996,0.3083665124730009
2025-12-01,S005,Sheffield Care & Education Centre,North,312770.6,112682.69666666666,70955.38,2559.72,3024,25797.31,206478.69,215019.10666666666,97751.49333333332,0.3125341490962812
2025-12-01,S006,Birmingham Care & Education Centre,Midlands,511098.99,196879.93,99707.76,4434.24,4899,32387.54,333691.88,338308.47,172790.52000000002,0.3380764262515957
2025-12-01,S007,Nottingham Care & Education Centre,Midlands,557994.17,273922.31333333335,56424.200000000004,2601.34,5150,37037.24,385161.44,375135.0933333334,182859.07666666666,0.32770786237187144
2025-12-01,S008,Leicester Care & Education Centre,Midlands,409856.6,185563.97333333333,73513.70999999999,4968.86,2184,33644.38,288985.32,299874.92333333334,109981.67666666664,0.2683418460668113
2025-12-01,S009,Derby Care & Education Centre,Midlands,510462.64,208781.9433333333,101284.85,4664.200000000001,11054,41810.26,364358.48,367595.25333333336,142867.38666666666,0.27987824273812995
2025-12-01,S010,Coventry Care & Education Centre,Midlands,304088.18,129173.84333333332,63357.74,3356.4700000000003,3836,17398.34,224156.93,217122.3933333333,86965.78666666668,0.2859887111253936
2025-12-01,S011,London Care & Education Centre,South,363877.9,182159.54333333333,47370.59999999999,2238.5299999999997,2070,24062.9,265483.96,257901.5733333333,105976.32666666672,0.29124144848221534
2025-12-01,S012,Bristol Care & Education Centre,South,377068.21,169247.3666666667,48193.56999999999,4706.959999999999,7573,28703.33,266524.46,258424.22666666668,118643.98333333334,0.3146485972215301
2025-12-01,S013,Reading Care & Education Centre,South,650243.61,173498.34666666668,195894.15999999997,4468.7,7625,55012.85,419094.47,436499.05666666664,213744.55333333334,0.32871457719258995
2025-12-01,S014,Southampton Care & Education Centre,South,479140.44,180517.68,113788.21000000002,3233.9399999999996,7510,31008.98,333338.7,336058.81,143081.63,0.29862148559199053
2025-12-01,S015,Brighton Care & Education Centre,South,320626.61,141109.75,41498.11,3877.01,5410,26448.24,214305.76,218343.11,102283.5,0.3190112636003606
2025-12-01,S016,Cardiff Care & Education Centre,Wales,278781.36,145261.53,15569.31,3806.9500000000003,7766,15683.89,189820.73,188087.68,90693.68,0.3253218938310653
2025-12-01,S017,Swansea Care & Education Centre,Wales,389870.99,153837.05333333332,87386.69,4702.22,5739,28012.6,272845.54,279677.5633333333,110193.4266666667,0.28264074397191413
2025-12-01,S018,Newport Care & Education Centre,Wales,319157.36,109024.68000000001,80733.54000000001,3255.8200000000006,11140,19490.64,224610.13,223644.68000000005,95512.67999999993,0.2992651649957248
2025-12-01,S019,Wrexham Care & Education Centre,Wales,411712.42,138868.65666666668,118854.20000000001,4628.17,2921,31606.53,298412.87,296878.55666666664,114833.86333333334,0.2789176564878304
2025-12-01,S020,Bangor Care & Education Centre,Wales,308061.88,102978.72666666668,86456.91,3087.4700000000003,5026,20533.07,217368.84,218082.1766666667,89979.70333333331,0.292083211766848
