InvoiceDate,SiteID,SiteName,Region,Supplier,Category,InvoiceID,Quantity,UnitCost,GrossSpend,PaymentTermsDays,SourceSystem,VAT,NetSpend,Contracted,DataQualityFlag
2025-03-18,S015,Brighton Care & Education Centre,South,NourishCo,Food & Catering,INV-2025-00601,19,98.57,1872.76,60,Legacy Spend File,374.552,1872.76,N,OK
2025-10-16,S014,Southampton Care & Education Centre,South,FreshServe,Food & Catering,INV-2025-00602,13,39.14,508.85,45,Legacy Spend File,101.77,508.85,Y,OK
2025-07-16,S004,Newcastle Care & Education Centre,North,CareTemps,Agency Labour,INV-2025-00603,63,483.99,30491.42,60,Legacy Spend File,6098.284,30491.42,N,OK
2025-05-22,S016,Cardiff Care & Education Centre,Wales,MediSure,Medical Supplies,INV-2025-00604,52,252.92,13152.09,30,Legacy Spend File,2630.418,13152.09,Y,OK
2025-07-22,S020,Bangor Care & Education Centre,Wales,HealthStaffing,Agency Labour,INV-2025-00605,43,376.6,16193.61,60,ERP,3238.722,16193.61,N,OK
2025-07-10,S012,Bristol Care & Education Centre,South,LearnWell,Office & Training,INV-2025-00606,3,210.55,631.65,45,Procurement Portal,126.33,631.65,N,OK
2025-12-23,S006,Birmingham Care & Education Centre,Midlands,TeleCare IT,IT & Telecoms,INV-2025-00607,13,143.75,1868.69,30,ERP,373.73800000000006,1868.69,N,OK
2025-05-18,S011,London Care & Education Centre,South,LearnWell,Office & Training,INV-2025-00608,54,37.82,2042.46,60,Legacy Spend File,408.492,2042.46,N,OK
2025-04-19,S007,Nottingham Care & Education Centre,Midlands,WaterGrid,Utilities,INV-2025-00609,53,93.99,4981.35,60,Procurement Portal,996.27,4981.35,N,OK
2025-09-21,S019,Wrexham Care & Education Centre,Wales,FleetFuel,Vehicle & Fuel,INV-2025-00610,21,216.31,4542.46,30,Procurement Portal,908.492,4542.46,Y,OK
2025-09-26,S020,Bangor Care & Education Centre,Wales,HealthStaffing,Agency Labour,INV-2025-00611,73,429.96,31386.81,30,ERP,6277.362000000001,31386.81,N,OK
2025-05-08,S003,Leeds Care & Education Centre,North,UK Energy Partners,Utilities,INV-2025-00612,5,242.47,1212.36,45,ERP,242.472,1212.36,N,OK
2025-07-08,S006,Birmingham Care & Education Centre,Midlands,WaterGrid,Utilities,INV-2025-00613,60,291.62,17497.06,60,Procurement Portal,3499.4120000000003,17497.06,N,OK
2025-01-16,S013,Reading Care & Education Centre,South,KitchenPro,Food & Catering,INV-2025-00614,31,35.0,1085.02,45,Procurement Portal,217.004,1085.02,N,OK
2025-08-31,S004,Newcastle Care & Education Centre,North,OfficePlus,Office & Training,INV-2025-00615,76,287.91,21881.24,60,Procurement Portal,4376.2480000000005,21881.24,N,OK
2025-12-19,S007,Nottingham Care & Education Centre,Midlands,SafeGuard FM,Facilities,INV-2025-00616,12,193.26,2319.1,45,ERP,463.82,2319.1,N,OK
2025-10-20,S002,Manchester Care & Education Centre,North,MediSure,Medical Supplies,INV-2025-00617,28,127.44,3568.37,30,Legacy Spend File,713.674,3568.37,Y,OK
2025-11-30,S004,Newcastle Care & Education Centre,North,WaterGrid,Utilities,INV-2025-00618,53,372.65,19750.31,60,ERP,3950.062,19750.31,N,OK
2025-03-09,S005,Sheffield Care & Education Centre,North,CareMed,Medical Supplies,INV-2025-00619,23,156.34,3595.87,60,ERP,719.174,3595.87,N,OK
2025-06-06,S013,Reading Care & Education Centre,South,NetServe,IT & Telecoms,INV-2025-00620,36,248.83,8957.82,45,Procurement Portal,1791.564,8957.82,N,OK
2025-04-22,S005,Sheffield Care & Education Centre,North,LearnWell,Office & Training,INV-2025-00621,60,48.56,2913.39,45,Legacy Spend File,582.678,2913.39,N,OK
2025-02-22,S014,Southampton Care & Education Centre,South,NurseLink,Agency Labour,INV-2025-00622,1,388.81,388.81,60,Legacy Spend File,77.762,388.81,N,OK
2025-12-17,S015,Brighton Care & Education Centre,South,TeleCare IT,IT & Telecoms,INV-2025-00623,14,619.39,8671.51,45,ERP,1734.302,8671.51,N,OK
2025-06-16,S016,Cardiff Care & Education Centre,Wales,NetServe,IT & Telecoms,INV-2025-00624,36,461.1,16599.49,45,Legacy Spend File,3319.8980000000006,16599.49,N,OK
2025-03-18,S008,Leicester Care & Education Centre,Midlands,CloudLink,IT & Telecoms,INV-2025-00625,67,528.41,35403.74,30,ERP,7080.748,35403.74,Y,OK
2025-06-13,S004,Newcastle Care & Education Centre,North,NurseLink,Agency Labour,INV-2025-00626,18,226.47,4076.47,60,ERP,815.294,4076.47,N,OK
2025-05-13,S001,Preston Care & Education Centre,North,LearnWell,Office & Training,INV-2025-00627,54,43.52,2350.04,45,Procurement Portal,470.008,2350.04,N,OK
2025-12-29,S007,Nottingham Care & Education Centre,Midlands,ClinEquip,Medical Supplies,INV-2025-00628,74,111.98,8286.43,30,Procurement Portal,1657.286,8286.43,N,OK
2025-10-01,S005,Sheffield Care & Education Centre,North,PowerDirect,Utilities,INV-2025-00629,61,257.78,15724.63,60,Procurement Portal,3144.926,15724.63,N,OK
2025-12-03,S002,Manchester Care & Education Centre,North,CloudLink,IT & Telecoms,INV-2025-00630,72,401.59,28914.52,30,Procurement Portal,5782.904,28914.52,Y,OK
2025-05-13,S008,Leicester Care & Education Centre,Midlands,OfficePlus,Office & Training,INV-2025-00631,72,29.57,2128.77,30,Legacy Spend File,425.754,2128.77,N,OK
2025-07-01,S005,Sheffield Care & Education Centre,North,FreshServe,Food & Catering,INV-2025-00632,29,150.75,4371.82,60,Procurement Portal,874.364,4371.82,Y,OK
2025-05-14,S009,Derby Care & Education Centre,Midlands,RoadReady,Vehicle & Fuel,INV-2025-00633,75,87.09,6531.95,45,Procurement Portal,1306.39,6531.95,N,OK
2025-11-21,S001,Preston Care & Education Centre,North,OfficePlus,Office & Training,INV-2025-00634,75,59.31,4447.92,60,Legacy Spend File,889.5840000000001,4447.92,N,OK
2025-09-14,S011,London Care & Education Centre,South,OfficePlus,Office & Training,INV-2025-00635,16,42.98,687.75,60,Procurement Portal,137.55,687.75,N,OK
2025-01-28,S008,Leicester Care & Education Centre,Midlands,TeleCare IT,IT & Telecoms,INV-2025-00636,20,88.54,1770.8,30,ERP,354.16,1770.8,N,OK
2025-08-23,S005,Sheffield Care & Education Centre,North,NurseLink,Agency Labour,INV-2025-00637,19,471.79,8963.94,45,Legacy Spend File,1792.7880000000002,8963.94,N,OK
2025-06-20,S005,Sheffield Care & Education Centre,North,NourishCo,Food & Catering,INV-2025-00638,23,67.67,1556.52,45,Legacy Spend File,311.30400000000003,1556.52,N,OK
2025-05-21,S003,Leeds Care & Education Centre,North,CareMed,Medical Supplies,INV-2025-00639,27,59.03,1593.76,30,Legacy Spend File,318.752,1593.76,N,OK
2025-03-08,S014,Southampton Care & Education Centre,South,OfficePlus,Office & Training,INV-2025-00640,79,36.79,2906.32,45,Legacy Spend File,581.264,2906.32,N,OK
2025-09-02,S014,Southampton Care & Education Centre,South,CareTemps,Agency Labour,INV-2025-00641,50,249.41,12470.53,30,ERP,2494.106,12470.53,N,OK
2025-07-11,S012,Bristol Care & Education Centre,South,PowerDirect,Utilities,INV-2025-00642,2,626.05,1252.09,45,Legacy Spend File,250.418,1252.09,N,OK
2025-01-03,S017,Swansea Care & Education Centre,Wales,ClinEquip,Medical Supplies,INV-2025-00643,32,104.03,3329.08,30,Legacy Spend File,665.816,3329.08,N,OK
2025-02-22,S009,Derby Care & Education Centre,Midlands,CloudLink,IT & Telecoms,INV-2025-00644,50,96.25,4812.26,60,Legacy Spend File,962.452,4812.26,Y,OK
2025-01-24,S006,Birmingham Care & Education Centre,Midlands,CleanWorks,Facilities,INV-2025-00645,39,157.24,6132.51,45,Procurement Portal,1226.5020000000002,6132.51,Y,OK
2025-12-18,S007,Nottingham Care & Education Centre,Midlands,RoadReady,Vehicle & Fuel,INV-2025-00646,18,81.77,1471.81,45,Procurement Portal,294.362,1471.81,N,OK
2025-07-26,S006,Birmingham Care & Education Centre,Midlands,UK Energy Partners,Utilities,INV-2025-00647,3,56.72,170.17,30,ERP,34.034,170.17,N,OK
2025-01-12,S019,Wrexham Care & Education Centre,Wales,CleanWorks,Facilities,INV-2025-00648,76,174.7,13277.52,60,ERP,2655.5040000000004,13277.52,Y,OK
2025-11-30,S006,Birmingham Care & Education Centre,Midlands,AutoCare,Vehicle & Fuel,INV-2025-00649,5,83.67,418.34,45,Legacy Spend File,83.668,418.34,N,OK
2025-01-25,S006,Birmingham Care & Education Centre,Midlands,ClinEquip,Medical Supplies,INV-2025-00650,14,175.99,2463.81,60,ERP,492.762,2463.81,N,OK
2025-08-16,S007,Nottingham Care & Education Centre,Midlands,NourishCo,Food & Catering,INV-2025-00651,49,179.7,8805.51,30,Legacy Spend File,1761.102,8805.51,N,OK
2025-03-20,S014,Southampton Care & Education Centre,South,PrintCo,Office & Training,INV-2025-00652,27,139.37,3762.86,60,Legacy Spend File,752.5720000000001,3762.86,N,OK
2025-08-04,S010,Coventry Care & Education Centre,Midlands,CareMed,Medical Supplies,INV-2025-00653,13,103.5,1345.54,60,Legacy Spend File,269.108,1345.54,N,OK
2025-02-23,S017,Swansea Care & Education Centre,Wales,SafeGuard FM,Facilities,INV-2025-00654,66,97.94,6464.12,60,Legacy Spend File,1292.824,6464.12,N,OK
2025-02-24,S012,Bristol Care & Education Centre,South,CloudLink,IT & Telecoms,INV-2025-00655,64,905.94,57980.3,30,Legacy Spend File,11596.06,57980.3,Y,OK
2025-04-14,S016,Cardiff Care & Education Centre,Wales,NetServe,IT & Telecoms,INV-2025-00656,46,227.28,10455.04,60,Procurement Portal,2091.0080000000003,10455.04,N,OK
2025-10-08,S004,Newcastle Care & Education Centre,North,CleanWorks,Facilities,INV-2025-00657,64,181.38,11608.59,30,Legacy Spend File,2321.7180000000003,11608.59,Y,OK
2025-01-02,S006,Birmingham Care & Education Centre,Midlands,FleetFuel,Vehicle & Fuel,INV-2025-00658,2,93.75,187.5,60,ERP,37.5,187.5,Y,OK
2025-02-16,S007,Nottingham Care & Education Centre,Midlands,OfficePlus,Office & Training,INV-2025-00659,66,83.63,5519.76,30,Legacy Spend File,1103.952,5519.76,N,OK
2025-11-26,S001,Preston Care & Education Centre,North,NourishCo,Food & Catering,INV-2025-00660,30,60.04,1801.16,45,Procurement Portal,360.232,1801.16,N,OK
2025-02-21,S013,Reading Care & Education Centre,South,OfficePlus,Office & Training,INV-2025-00661,23,54.71,1258.24,30,Procurement Portal,251.648,1258.24,N,OK
2025-03-01,S012,Bristol Care & Education Centre,South,RoadReady,Vehicle & Fuel,INV-2025-00662,13,70.32,914.2,30,ERP,182.84000000000003,914.2,N,OK
2025-07-03,S018,Newport Care & Education Centre,Wales,SafeGuard FM,Facilities,INV-2025-00663,57,176.79,10076.83,60,Procurement Portal,2015.366,10076.83,N,OK
2025-06-25,S012,Bristol Care & Education Centre,South,NourishCo,Food & Catering,INV-2025-00664,24,48.21,1156.97,30,Procurement Portal,231.394,1156.97,N,OK
2025-07-17,S012,Bristol Care & Education Centre,South,LearnWell,Office & Training,INV-2025-00665,62,50.67,3141.82,45,Legacy Spend File,628.364,3141.82,N,OK
2025-12-23,S009,Derby Care & Education Centre,Midlands,FreshServe,Food & Catering,INV-2025-00666,8,68.92,551.35,30,ERP,110.27,551.35,Y,OK
2025-12-14,S009,Derby Care & Education Centre,Midlands,PrintCo,Office & Training,INV-2025-00667,57,65.19,3715.62,30,Legacy Spend File,743.124,3715.62,N,OK
2025-01-15,S013,Reading Care & Education Centre,South,AutoCare,Vehicle & Fuel,INV-2025-00668,17,217.26,3693.34,45,Procurement Portal,738.6680000000001,3693.34,N,OK
2025-01-24,S003,Leeds Care & Education Centre,North,CareTemps,Agency Labour,INV-2025-00669,9,69.81,628.27,45,Legacy Spend File,125.654,628.27,N,OK
2025-12-14,S020,Bangor Care & Education Centre,Wales,ClinEquip,Medical Supplies,INV-2025-00670,68,218.73,14873.38,60,Legacy Spend File,2974.676,14873.38,N,OK
2025-06-23,S018,Newport Care & Education Centre,Wales,PowerDirect,Utilities,INV-2025-00671,67,496.12,33239.71,60,Legacy Spend File,6647.942,33239.71,N,OK
2025-12-05,S020,Bangor Care & Education Centre,Wales,NourishCo,Food & Catering,INV-2025-00672,32,20.78,664.98,45,Procurement Portal,132.996,664.98,N,OK
2025-10-13,S020,Bangor Care & Education Centre,Wales,HealthStaffing,Agency Labour,INV-2025-00673,79,248.47,19628.78,30,ERP,3925.756,19628.78,N,OK
2025-08-29,S009,Derby Care & Education Centre,Midlands,BuildCare,Facilities,INV-2025-00674,64,146.74,9391.38,30,ERP,1878.276,9391.38,N,OK
2025-05-04,S020,Bangor Care & Education Centre,Wales,LearnWell,Office & Training,INV-2025-00675,43,34.58,1487.06,45,ERP,297.412,1487.06,N,OK
2025-11-26,S005,Sheffield Care & Education Centre,North,PowerDirect,Utilities,INV-2025-00676,49,162.99,7986.29,45,ERP,1597.258,7986.29,N,OK
2025-10-21,S003,Leeds Care & Education Centre,North,LearnWell,Office & Training,INV-2025-00677,58,40.72,2361.65,30,Procurement Portal,472.33,2361.65,N,OK
2025-09-12,S015,Brighton Care & Education Centre,South,FleetFuel,Vehicle & Fuel,INV-2025-00678,3,249.04,747.13,30,Procurement Portal,149.42600000000002,747.13,Y,OK
2025-10-09,S006,Birmingham Care & Education Centre,Midlands,ClinEquip,Medical Supplies,INV-2025-00679,1,200.76,200.76,30,Legacy Spend File,40.152,200.76,N,OK
2025-10-15,S010,Coventry Care & Education Centre,Midlands,NetServe,IT & Telecoms,INV-2025-00680,27,442.74,11953.98,60,Legacy Spend File,2390.796,11953.98,N,OK
2025-01-28,S013,Reading Care & Education Centre,South,RoadReady,Vehicle & Fuel,INV-2025-00681,29,141.29,4097.34,45,Procurement Portal,819.4680000000001,4097.34,N,OK
2025-12-03,S014,Southampton Care & Education Centre,South,PrintCo,Office & Training,INV-2025-00682,47,40.31,1894.4,60,Procurement Portal,378.88000000000005,1894.4,N,OK
2025-04-24,S008,Leicester Care & Education Centre,Midlands,KitchenPro,Food & Catering,INV-2025-00683,1,48.71,48.71,45,Procurement Portal,9.742,48.71,N,OK
2025-09-25,S009,Derby Care & Education Centre,Midlands,NetServe,IT & Telecoms,INV-2025-00684,48,287.95,13821.55,60,ERP,2764.31,13821.55,N,OK
2025-03-13,S019,Wrexham Care & Education Centre,Wales,SafeGuard FM,Facilities,INV-2025-00685,53,91.91,4871.12,30,Procurement Portal,974.224,4871.12,N,OK
2025-03-03,S010,Coventry Care & Education Centre,Midlands,uk energy partners,Utilities,INV-2025-00686,51,370.04,18872.02,30,Procurement Portal,3774.404000000001,18872.02,N,OK
2025-08-01,S017,Swansea Care & Education Centre,Wales,FleetFuel,Vehicle & Fuel,INV-2025-00687,6,83.24,499.42,60,Legacy Spend File,99.884,499.42,Y,OK
2025-08-23,S008,Leicester Care & Education Centre,Midlands,NourishCo,Food & Catering,INV-2025-00688,76,52.89,4019.73,60,ERP,803.946,4019.73,N,OK
2025-01-25,S014,Southampton Care & Education Centre,South,ClinEquip,Medical Supplies,INV-2025-00689,71,177.42,12596.82,45,Legacy Spend File,2519.364,12596.82,N,OK
2025-10-24,S007,Nottingham Care & Education Centre,Midlands,BuildCare,Facilities,INV-2025-00690,23,229.82,5285.89,60,ERP,1057.178,5285.89,N,OK
2025-11-04,S007,Nottingham Care & Education Centre,Midlands,NurseLink,Agency Labour,INV-2025-00691,78,245.98,19186.46,45,Legacy Spend File,3837.292,19186.46,N,OK
2025-12-21,S011,London Care & Education Centre,South,NurseLink,Agency Labour,INV-2025-00692,32,567.6,18163.14,45,Procurement Portal,3632.628,18163.14,N,OK
2025-03-10,S001,Preston Care & Education Centre,North,TeleCare IT,IT & Telecoms,INV-2025-00693,18,121.39,2185.09,45,Legacy Spend File,437.018,2185.09,N,OK
2025-10-08,S012,Bristol Care & Education Centre,South,NetServe,IT & Telecoms,INV-2025-00694,41,308.71,12656.98,60,Legacy Spend File,2531.396,12656.98,N,OK
2025-04-18,S020,Bangor Care & Education Centre,Wales,UK Energy Partners,Utilities,INV-2025-00695,80,346.43,27714.01,60,Procurement Portal,5542.802,27714.01,N,OK
2025-03-09,S019,Wrexham Care & Education Centre,Wales,AutoCare,Vehicle & Fuel,INV-2025-00696,23,80.13,1842.95,60,Legacy Spend File,368.59,1842.95,N,OK
2025-03-01,S010,Coventry Care & Education Centre,Midlands,AutoCare,Vehicle & Fuel,INV-2025-00697,46,113.66,5228.56,60,Procurement Portal,1045.7120000000002,5228.56,N,OK
2025-10-01,S009,Derby Care & Education Centre,Midlands,NurseLink,Agency Labour,INV-2025-00698,37,150.76,5578.01,45,ERP,1115.602,5578.01,N,OK
2025-07-15,S003,Leeds Care & Education Centre,North,FreshServe,Food & Catering,INV-2025-00699,19,108.05,2052.97,30,Legacy Spend File,410.594,2052.97,Y,OK
2025-03-24,S013,Reading Care & Education Centre,South,WaterGrid,Utilities,INV-2025-00700,37,225.83,8355.56,60,Procurement Portal,1671.112,8355.56,N,OK
2025-06-01,S011,London Care & Education Centre,South,ClinEquip,Medical Supplies,INV-2025-00701,27,90.02,2430.45,60,ERP,486.09,2430.45,N,OK
2025-11-12,S020,Bangor Care & Education Centre,Wales,OfficePlus,Office & Training,INV-2025-00702,72,133.55,9615.29,30,Legacy Spend File,1923.058,9615.29,N,OK
2025-09-19,S007,Nottingham Care & Education Centre,Midlands,HealthStaffing,Agency Labour,INV-2025-00703,37,203.65,7534.98,60,Legacy Spend File,1506.996,7534.98,N,OK
2025-08-02,S011,London Care & Education Centre,South,CareTemps,Agency Labour,INV-2025-00704,41,138.26,5668.62,60,ERP,1133.724,5668.62,N,OK
2025-11-14,S005,Sheffield Care & Education Centre,North,CloudLink,IT & Telecoms,INV-2025-00705,57,93.46,5326.94,30,Legacy Spend File,1065.388,5326.94,Y,OK
2025-10-07,S011,London Care & Education Centre,South,AutoCare,Vehicle & Fuel,INV-2025-00706,78,132.58,10341.2,30,Legacy Spend File,2068.24,10341.2,N,OK
2025-04-01,S006,Birmingham Care & Education Centre,Midlands,TeleCare IT,IT & Telecoms,INV-2025-00707,10,108.79,1087.87,30,ERP,217.574,1087.87,N,OK
2025-01-21,S017,Swansea Care & Education Centre,Wales,NourishCo,Food & Catering,INV-2025-00708,55,170.63,9384.9,45,Legacy Spend File,1876.98,9384.9,N,OK
2025-10-27,S019,Wrexham Care & Education Centre,Wales,CleanWorks,Facilities,INV-2025-00709,33,57.28,1890.13,30,Procurement Portal,378.02600000000007,1890.13,Y,OK
2025-03-20,S012,Bristol Care & Education Centre,South,CleanWorks,Facilities,INV-2025-00710,42,457.61,19219.44,60,ERP,3843.888,19219.44,Y,OK
2025-10-21,S013,Reading Care & Education Centre,South,TeleCare IT,IT & Telecoms,INV-2025-00711,71,247.07,17542.24,45,ERP,3508.4480000000003,17542.24,N,OK
2025-04-23,S008,Leicester Care & Education Centre,Midlands,AutoCare,Vehicle & Fuel,INV-2025-00712,24,90.08,2161.89,60,ERP,432.378,2161.89,N,OK
2025-10-06,S014,Southampton Care & Education Centre,South,SafeGuard FM,Facilities,INV-2025-00713,69,133.39,9203.67,45,ERP,1840.734,9203.67,N,OK
2025-12-06,S005,Sheffield Care & Education Centre,North,UK Energy Partners,Utilities,INV-2025-00714,43,311.37,13388.96,45,Procurement Portal,2677.792,13388.96,N,OK
2025-09-29,S003,Leeds Care & Education Centre,North,PowerDirect,Utilities,INV-2025-00715,61,244.88,14937.58,60,Legacy Spend File,2987.516,14937.58,N,OK
2025-06-27,S010,Coventry Care & Education Centre,Midlands,KitchenPro,Food & Catering,INV-2025-00716,58,119.25,6916.37,30,Legacy Spend File,1383.274,6916.37,N,OK
2025-12-16,S019,Wrexham Care & Education Centre,Wales,UK Energy Partners,Utilities,INV-2025-00717,42,266.21,11180.83,45,ERP,2236.166,11180.83,N,OK
2025-05-25,S006,Birmingham Care & Education Centre,Midlands,NetServe,IT & Telecoms,INV-2025-00718,4,238.96,955.84,60,Procurement Portal,191.168,955.84,N,OK
2025-01-23,S011,London Care & Education Centre,South,LearnWell,Office & Training,INV-2025-00719,38,61.41,2333.41,60,ERP,466.682,2333.41,N,OK
2025-03-27,S005,Sheffield Care & Education Centre,North,FreshServe,Food & Catering,INV-2025-00720,69,63.0,4346.71,60,ERP,869.3420000000001,4346.71,Y,OK
2025-12-10,S007,Nottingham Care & Education Centre,Midlands,FreshServe,Food & Catering,INV-2025-00721,28,76.99,2155.73,60,Procurement Portal,431.146,2155.73,Y,OK
2025-12-26,S010,Coventry Care & Education Centre,Midlands,PowerDirect,Utilities,INV-2025-00722,56,97.6,5465.55,60,ERP,1093.11,5465.55,N,OK
2025-08-24,S008,Leicester Care & Education Centre,Midlands,CleanWorks,Facilities,INV-2025-00723,43,85.75,3687.32,30,ERP,737.464,3687.32,Y,OK
2025-05-09,S014,Southampton Care & Education Centre,South,MediSure,Medical Supplies,INV-2025-00724,72,180.6,13003.23,30,Legacy Spend File,2600.646,13003.23,Y,OK
2025-07-18,S016,Cardiff Care & Education Centre,Wales,TeleCare IT,IT & Telecoms,INV-2025-00725,58,241.68,14017.29,60,Procurement Portal,2803.4580000000005,14017.29,N,OK
2025-07-19,S014,Southampton Care & Education Centre,South,FleetFuel,Vehicle & Fuel,INV-2025-00726,16,85.86,1373.72,60,ERP,274.744,1373.72,Y,OK
2025-10-27,S006,Birmingham Care & Education Centre,Midlands,KitchenPro,Food & Catering,INV-2025-00727,6,65.66,393.97,60,ERP,78.79400000000001,393.97,N,OK
2025-12-18,S002,Manchester Care & Education Centre,North,NourishCo,Food & Catering,INV-2025-00728,39,78.69,3069.04,60,ERP,613.808,3069.04,N,OK
2025-07-22,S011,London Care & Education Centre,South,LearnWell,Office & Training,INV-2025-00729,4,55.74,222.94,45,ERP,44.588,222.94,N,OK
2025-07-20,S002,Manchester Care & Education Centre,North,UK Energy Partners,Utilities,INV-2025-00730,70,162.94,11405.93,45,Legacy Spend File,2281.186,11405.93,N,OK
2025-11-28,S011,London Care & Education Centre,South,NetServe,IT & Telecoms,INV-2025-00731,48,245.02,11760.99,30,Legacy Spend File,2352.198,11760.99,N,OK
2025-01-22,S004,Newcastle Care & Education Centre,North,CleanWorks,Facilities,INV-2025-00732,1,105.09,105.09,60,Legacy Spend File,21.018,105.09,Y,OK
2025-04-18,S018,Newport Care & Education Centre,Wales,NourishCo,Food & Catering,INV-2025-00733,45,81.36,3661.36,30,Procurement Portal,732.272,3661.36,N,OK
2025-04-05,S016,Cardiff Care & Education Centre,Wales,CleanWorks,Facilities,INV-2025-00734,29,70.57,2046.39,60,Procurement Portal,409.278,2046.39,Y,OK
2025-12-10,S007,Nottingham Care & Education Centre,Midlands,FreshServe,Food & Catering,INV-2025-00735,73,114.48,8357.23,30,Legacy Spend File,1671.446,8357.23,Y,OK
2025-12-10,S014,Southampton Care & Education Centre,South,NourishCo,Food & Catering,INV-2025-00736,9,84.29,758.65,45,ERP,151.73,758.65,N,OK
2025-07-02,S006,Birmingham Care & Education Centre,Midlands,LearnWell,Office & Training,INV-2025-00737,17,86.34,1467.8,60,Legacy Spend File,293.56,1467.8,N,OK
2025-11-14,S013,Reading Care & Education Centre,South,NourishCo,Food & Catering,INV-2025-00738,9,111.59,1004.35,30,Procurement Portal,200.87,1004.35,N,OK
2025-11-12,S005,Sheffield Care & Education Centre,North,LearnWell,Office & Training,INV-2025-00739,40,187.45,7497.9,60,Legacy Spend File,1499.58,7497.9,N,OK
2025-08-08,S006,Birmingham Care & Education Centre,Midlands,RoadReady,Vehicle & Fuel,INV-2025-00740,22,165.97,3651.24,30,Procurement Portal,730.248,3651.24,N,OK
2025-11-25,S016,Cardiff Care & Education Centre,Wales,PowerDirect,Utilities,INV-2025-00741,56,90.83,5086.43,45,Procurement Portal,1017.286,5086.43,N,OK
2025-08-25,S007,Nottingham Care & Education Centre,Midlands,RoadReady,Vehicle & Fuel,INV-2025-00742,58,47.0,2725.9,45,Procurement Portal,545.1800000000001,2725.9,N,OK
2025-11-27,S010,Coventry Care & Education Centre,Midlands,FreshServe,Food & Catering,INV-2025-00743,78,46.1,3595.53,30,Procurement Portal,719.1060000000001,3595.53,Y,OK
2025-11-17,S001,Preston Care & Education Centre,North,WaterGrid,Utilities,INV-2025-00744,10,253.61,2536.13,60,ERP,507.22600000000006,2536.13,N,OK
2025-10-24,S006,Birmingham Care & Education Centre,Midlands,ClinEquip,Medical Supplies,INV-2025-00745,52,159.53,8295.33,60,ERP,1659.066,8295.33,N,OK
2025-10-04,S016,Cardiff Care & Education Centre,Wales,NetServe,IT & Telecoms,INV-2025-00746,61,147.59,9003.26,60,ERP,1800.652,9003.26,N,OK
2025-10-29,S009,Derby Care & Education Centre,Midlands,HealthStaffing,Agency Labour,INV-2025-00747,38,332.45,12633.29,30,Procurement Portal,2526.6580000000004,12633.29,N,OK
2025-07-06,S016,Cardiff Care & Education Centre,Wales,NourishCo,Food & Catering,INV-2025-00748,65,42.9,2788.65,30,Legacy Spend File,557.73,2788.65,N,OK
2025-03-13,S005,Sheffield Care & Education Centre,North,BuildCare,Facilities,INV-2025-00749,58,128.59,7458.17,30,ERP,1491.634,7458.17,N,OK
2025-09-05,S006,Birmingham Care & Education Centre,Midlands,BuildCare,Facilities,INV-2025-00750,46,83.04,3819.73,30,ERP,763.946,3819.73,N,OK
2025-02-02,S018,Newport Care & Education Centre,Wales,OfficePlus,Office & Training,INV-2025-00751,34,45.14,1534.67,45,ERP,306.934,1534.67,N,OK
2025-07-04,S010,Coventry Care & Education Centre,Midlands,PowerDirect,Utilities,INV-2025-00752,50,118.87,5943.52,45,Procurement Portal,1188.7040000000002,5943.52,N,OK
2025-06-15,S008,Leicester Care & Education Centre,Midlands,ClinEquip,Medical Supplies,INV-2025-00753,14,70.16,982.22,60,Legacy Spend File,196.444,982.22,N,OK
2025-05-15,S006,Birmingham Care & Education Centre,Midlands,NetServe,IT & Telecoms,INV-2025-00754,75,392.73,29454.99,60,Legacy Spend File,5890.9980000000005,29454.99,N,OK
2025-07-13,S017,Swansea Care & Education Centre,Wales,NurseLink,Agency Labour,INV-2025-00755,47,177.97,8364.57,60,Legacy Spend File,1672.914,8364.57,N,OK
2025-04-25,S012,Bristol Care & Education Centre,South,TeleCare IT,IT & Telecoms,INV-2025-00756,67,935.83,62700.85,45,Procurement Portal,12540.17,62700.85,N,OK
2025-11-06,S011,London Care & Education Centre,South,LearnWell,Office & Training,INV-2025-00757,1,98.38,98.38,60,ERP,19.676,98.38,N,OK
2025-02-09,S010,Coventry Care & Education Centre,Midlands,CleanWorks,Facilities,INV-2025-00758,66,199.26,13151.24,60,Procurement Portal,2630.248,13151.24,Y,OK
2025-03-22,S007,Nottingham Care & Education Centre,Midlands,CleanWorks,Facilities,INV-2025-00759,47,112.26,5276.44,60,Legacy Spend File,1055.288,5276.44,Y,OK
2025-06-19,S014,Southampton Care & Education Centre,South,WaterGrid,Utilities,INV-2025-00760,15,367.47,5511.99,45,Legacy Spend File,1102.398,5511.99,N,OK
2025-10-30,S004,Newcastle Care & Education Centre,North,OfficePlus,Office & Training,INV-2025-00761,21,54.65,1147.58,60,Procurement Portal,229.516,1147.58,N,OK
2025-03-07,S013,Reading Care & Education Centre,South,UK Energy Partners,Utilities,INV-2025-00762,74,267.35,19784.05,60,ERP,3956.81,19784.05,N,OK
2025-03-17,S019,Wrexham Care & Education Centre,Wales,ClinEquip,Medical Supplies,INV-2025-00763,8,490.56,3924.44,30,Procurement Portal,784.888,3924.44,N,OK
2025-10-16,S004,Newcastle Care & Education Centre,North,NurseLink,Agency Labour,INV-2025-00764,3,284.56,853.68,60,Legacy Spend File,170.736,853.68,N,OK
2025-04-21,S007,Nottingham Care & Education Centre,Midlands,CloudLink,IT & Telecoms,INV-2025-00765,58,413.94,24008.68,60,Procurement Portal,4801.736,24008.68,Y,OK
2025-07-30,S013,Reading Care & Education Centre,South,CleanWorks,Facilities,INV-2025-00766,77,122.27,9414.58,30,Legacy Spend File,1882.916,9414.58,Y,OK
2025-12-18,S014,Southampton Care & Education Centre,South,CloudLink,IT & Telecoms,INV-2025-00767,44,215.81,9495.5,45,Legacy Spend File,1899.1,9495.5,Y,OK
2025-07-13,S012,Bristol Care & Education Centre,South,FreshServe,Food & Catering,INV-2025-00768,50,172.14,8607.17,30,ERP,1721.4340000000002,8607.17,Y,OK
2025-09-16,S020,Bangor Care & Education Centre,Wales,PowerDirect,Utilities,INV-2025-00769,54,177.08,9562.58,30,Legacy Spend File,1912.516,9562.58,N,OK
2025-11-11,S012,Bristol Care & Education Centre,South,SafeGuard FM,Facilities,INV-2025-00770,77,487.75,37556.77,30,Legacy Spend File,7511.353999999999,37556.77,N,OK
2025-09-04,S003,Leeds Care & Education Centre,North,FreshServe,Food & Catering,INV-2025-00771,17,95.93,1630.86,60,Legacy Spend File,326.172,1630.86,Y,OK
2025-08-04,S002,Manchester Care & Education Centre,North,NurseLink,Agency Labour,INV-2025-00772,48,220.18,10568.43,30,Legacy Spend File,2113.686,10568.43,N,OK
2025-09-04,S020,Bangor Care & Education Centre,Wales,HealthStaffing,Agency Labour,INV-2025-00773,49,424.8,20814.96,45,Legacy Spend File,4162.992,20814.96,N,OK
2025-03-10,S005,Sheffield Care & Education Centre,North,NourishCo,Food & Catering,INV-2025-00774,33,110.97,3662.13,45,ERP,732.426,3662.13,N,OK
2025-10-06,S001,Preston Care & Education Centre,North,NetServe,IT & Telecoms,INV-2025-00775,53,309.71,16414.41,45,ERP,3282.882,16414.41,N,OK
2025-09-25,S001,Preston Care & Education Centre,North,ClinEquip,Medical Supplies,INV-2025-00776,16,50.6,809.53,60,ERP,161.906,809.53,N,OK
2025-06-11,S014,Southampton Care & Education Centre,South,PowerDirect,Utilities,INV-2025-00777,53,167.59,8882.4,45,ERP,1776.48,8882.4,N,OK
2025-10-27,S010,Coventry Care & Education Centre,Midlands,NurseLink,Agency Labour,INV-2025-00778,33,261.82,8639.97,45,Legacy Spend File,1727.994,8639.97,N,OK
2025-05-22,S004,Newcastle Care & Education Centre,North,AutoCare,Vehicle & Fuel,INV-2025-00779,51,91.19,4650.66,30,Procurement Portal,930.132,4650.66,N,OK
2025-07-09,S012,Bristol Care & Education Centre,South,OfficePlus,Office & Training,INV-2025-00780,72,105.52,7597.12,60,Procurement Portal,1519.424,7597.12,N,OK
2025-06-26,S014,Southampton Care & Education Centre,South,NetServe,IT & Telecoms,INV-2025-00781,51,242.59,12371.97,60,ERP,2474.394,12371.97,N,OK
2025-04-28,S006,Birmingham Care & Education Centre,Midlands,KitchenPro,Food & Catering,INV-2025-00782,58,31.19,1808.75,60,ERP,361.75,1808.75,N,OK
2025-07-25,S011,London Care & Education Centre,South,PowerDirect,Utilities,INV-2025-00783,44,308.14,13558.37,60,Legacy Spend File,2711.6740000000004,13558.37,N,OK
2025-07-19,S010,Coventry Care & Education Centre,Midlands,MediSure,Medical Supplies,INV-2025-00784,1,167.89,167.89,30,ERP,33.578,167.89,Y,OK
2025-02-02,S016,Cardiff Care & Education Centre,Wales,HealthStaffing,Agency Labour,INV-2025-00785,34,408.16,13877.55,30,Procurement Portal,2775.51,13877.55,N,OK
2025-07-16,S010,Coventry Care & Education Centre,Midlands,ClinEquip,Medical Supplies,INV-2025-00786,52,217.44,11306.86,60,Legacy Spend File,2261.3720000000003,11306.86,N,OK
2025-11-02,S020,Bangor Care & Education Centre,Wales,NetServe,IT & Telecoms,INV-2025-00787,8,348.03,2784.23,30,Legacy Spend File,556.846,2784.23,N,OK
2025-04-14,S012,Bristol Care & Education Centre,South,OfficePlus,Office & Training,INV-2025-00788,67,96.55,6468.7,45,ERP,1293.74,6468.7,N,OK
2025-03-28,S006,Birmingham Care & Education Centre,Midlands,PowerDirect,Utilities,INV-2025-00789,5,240.54,1202.68,45,ERP,240.53600000000003,1202.68,N,OK
2025-02-14,S018,Newport Care & Education Centre,Wales,MediSure,Medical Supplies,INV-2025-00790,36,48.13,1732.78,45,Procurement Portal,346.55600000000004,1732.78,Y,OK
2025-10-28,S016,Cardiff Care & Education Centre,Wales,CareTemps,Agency Labour,INV-2025-00791,26,379.96,9879.02,60,ERP,1975.804,9879.02,N,OK
2025-10-09,S017,Swansea Care & Education Centre,Wales,FreshServe,Food & Catering,INV-2025-00792,37,72.87,2696.02,60,Legacy Spend File,539.2040000000001,2696.02,Y,OK
2025-05-22,S008,Leicester Care & Education Centre,Midlands,RoadReady,Vehicle & Fuel,INV-2025-00793,29,110.3,3198.83,60,ERP,639.7660000000001,3198.83,N,OK
2025-01-03,S016,Cardiff Care & Education Centre,Wales,NurseLink,Agency Labour,INV-2025-00794,34,148.65,5053.98,30,Procurement Portal,1010.796,5053.98,N,OK
2025-02-07,S009,Derby Care & Education Centre,Midlands,KitchenPro,Food & Catering,INV-2025-00795,65,35.87,2331.33,45,Procurement Portal,466.266,2331.33,N,OK
2025-10-22,S015,Brighton Care & Education Centre,South,NetServe,IT & Telecoms,INV-2025-00796,33,392.63,12956.71,60,Procurement Portal,2591.342,12956.71,N,OK
2025-06-23,S004,Newcastle Care & Education Centre,North,OfficePlus,Office & Training,INV-2025-00797,59,73.39,4329.77,60,Procurement Portal,865.9540000000002,4329.77,N,OK
2025-03-01,S017,Swansea Care & Education Centre,Wales,CareMed,Medical Supplies,INV-2025-00798,34,174.57,5935.33,30,Procurement Portal,1187.066,5935.33,N,OK
2025-12-26,S009,Derby Care & Education Centre,Midlands,PowerDirect,Utilities,INV-2025-00799,30,253.92,7617.73,45,Procurement Portal,1523.546,7617.73,N,OK
2025-05-15,S002,Manchester Care & Education Centre,North,ClinEquip,Medical Supplies,INV-2025-00800,32,121.98,3903.36,45,ERP,780.672,3903.36,N,OK
2025-10-11,S012,Bristol Care & Education Centre,South,FleetFuel,Vehicle & Fuel,INV-2025-00801,23,159.16,3660.76,45,Procurement Portal,732.152,3660.76,Y,OK
2025-05-18,S010,Coventry Care & Education Centre,Midlands,PowerDirect,Utilities,INV-2025-00802,24,188.22,4517.39,60,Legacy Spend File,903.478,4517.39,N,OK
2025-04-13,S001,Preston Care & Education Centre,North,PrintCo,Office & Training,INV-2025-00803,31,79.07,2451.22,60,ERP,490.244,2451.22,N,OK
2025-04-14,S004,Newcastle Care & Education Centre,North,UK Energy Partners,Utilities,INV-2025-00804,32,193.87,6203.97,60,Procurement Portal,1240.794,6203.97,N,OK
2025-02-10,S003,Leeds Care & Education Centre,North,FreshServe,Food & Catering,INV-2025-00805,64,51.18,3275.73,60,ERP,655.1460000000001,3275.73,Y,OK
2025-07-10,S012,Bristol Care & Education Centre,South,CareMed,Medical Supplies,INV-2025-00806,80,101.24,8098.82,45,Procurement Portal,1619.764,8098.82,N,OK
2025-04-04,S016,Cardiff Care & Education Centre,Wales,TeleCare IT,IT & Telecoms,INV-2025-00807,66,248.59,16406.88,45,Procurement Portal,3281.376,16406.88,N,OK
2025-09-27,S020,Bangor Care & Education Centre,Wales,CleanWorks,Facilities,INV-2025-00808,55,138.33,7608.17,45,Legacy Spend File,1521.634,7608.17,Y,OK
2025-12-18,S020,Bangor Care & Education Centre,Wales,RoadReady,Vehicle & Fuel,INV-2025-00809,23,189.53,4359.17,45,ERP,871.8340000000001,4359.17,N,OK
2025-12-19,S019,Wrexham Care & Education Centre,Wales,LearnWell,Office & Training,INV-2025-00810,2,45.85,91.71,30,Legacy Spend File,18.342,91.71,N,OK
2025-02-21,S006,Birmingham Care & Education Centre,Midlands,NurseLink,Agency Labour,INV-2025-00811,42,270.7,11369.31,45,Legacy Spend File,2273.862,11369.31,N,OK
2025-05-15,S015,Brighton Care & Education Centre,South,BuildCare,Facilities,INV-2025-00812,31,141.33,4381.26,45,Procurement Portal,876.2520000000001,4381.26,N,OK
2025-04-05,S003,Leeds Care & Education Centre,North,RoadReady,Vehicle & Fuel,INV-2025-00813,64,210.55,13475.09,45,ERP,2695.018,13475.09,N,OK
2025-07-25,S016,Cardiff Care & Education Centre,Wales,RoadReady,Vehicle & Fuel,INV-2025-00814,36,105.85,3810.44,45,ERP,762.0880000000001,3810.44,N,OK
2025-12-18,S005,Sheffield Care & Education Centre,North,BuildCare,Facilities,INV-2025-00815,30,317.5,9524.94,30,Legacy Spend File,1904.9880000000005,9524.94,N,OK
2025-08-10,S013,Reading Care & Education Centre,South,PowerDirect,Utilities,INV-2025-00816,49,110.43,5411.18,30,ERP,1082.236,5411.18,N,OK
2025-01-05,S018,Newport Care & Education Centre,Wales,SafeGuard FM,Facilities,INV-2025-00817,23,208.48,4795.0,45,Procurement Portal,959.0,4795.0,N,OK
2025-06-03,S012,Bristol Care & Education Centre,South,RoadReady,Vehicle & Fuel,INV-2025-00818,33,154.96,5113.71,60,Legacy Spend File,1022.742,5113.71,N,OK
2025-12-20,S020,Bangor Care & Education Centre,Wales,HealthStaffing,Agency Labour,INV-2025-00819,21,313.89,6591.66,30,ERP,1318.332,6591.66,N,OK
2025-02-19,S009,Derby Care & Education Centre,Midlands,PrintCo,Office & Training,INV-2025-00820,58,134.76,7816.13,60,Procurement Portal,1563.226,7816.13,N,OK
2025-10-14,S008,Leicester Care & Education Centre,Midlands,RoadReady,Vehicle & Fuel,INV-2025-00821,72,71.48,5146.31,45,Procurement Portal,1029.2620000000002,5146.31,N,OK
2025-06-29,S002,Manchester Care & Education Centre,North,HealthStaffing,Agency Labour,INV-2025-00822,78,651.27,50799.02,30,Legacy Spend File,10159.804,50799.02,N,OK
2025-07-01,S020,Bangor Care & Education Centre,Wales,safeguard fm,Facilities,INV-2025-00823,42,637.37,26769.55,60,Legacy Spend File,5353.91,26769.55,N,OK
2025-07-15,S005,Sheffield Care & Education Centre,North,OfficePlus,Office & Training,INV-2025-00824,79,61.43,4853.11,45,Procurement Portal,970.622,4853.11,N,OK
2025-11-24,S004,Newcastle Care & Education Centre,North,CleanWorks,Facilities,INV-2025-00825,44,140.88,6198.86,45,Legacy Spend File,1239.772,6198.86,Y,OK
2025-02-10,S003,Leeds Care & Education Centre,North,HealthStaffing,Agency Labour,INV-2025-00826,21,667.24,14011.96,45,ERP,2802.392,14011.96,N,OK
2025-05-30,S020,Bangor Care & Education Centre,Wales,AutoCare,Vehicle & Fuel,INV-2025-00827,35,226.48,7926.68,60,Legacy Spend File,1585.3360000000002,7926.68,N,OK
2025-07-05,S018,Newport Care & Education Centre,Wales,TeleCare IT,IT & Telecoms,INV-2025-00828,76,165.02,12541.37,60,Procurement Portal,2508.2740000000003,12541.37,N,OK
2025-01-12,S014,Southampton Care & Education Centre,South,CleanWorks,Facilities,INV-2025-00829,17,142.86,2428.59,60,ERP,485.7180000000001,2428.59,Y,OK
2025-12-25,S007,Nottingham Care & Education Centre,Midlands,NetServe,IT & Telecoms,INV-2025-00830,11,188.41,2072.56,30,ERP,414.512,2072.56,N,OK
2025-02-02,S002,Manchester Care & Education Centre,North,FreshServe,Food & Catering,INV-2025-00831,61,31.03,1892.8,60,ERP,378.56,1892.8,Y,OK
2025-02-12,S006,Birmingham Care & Education Centre,Midlands,NurseLink,Agency Labour,INV-2025-00832,14,181.0,2534.07,45,Legacy Spend File,506.8140000000001,2534.07,N,OK
2025-07-19,S010,Coventry Care & Education Centre,Midlands,KitchenPro,Food & Catering,INV-2025-00833,40,37.42,1496.66,30,ERP,299.33200000000005,1496.66,N,OK
2025-11-17,S010,Coventry Care & Education Centre,Midlands,TeleCare IT,IT & Telecoms,INV-2025-00834,17,144.22,2451.74,30,Legacy Spend File,490.348,2451.74,N,OK
2025-12-06,S007,Nottingham Care & Education Centre,Midlands,MediSure,Medical Supplies,INV-2025-00835,46,117.73,5415.69,45,Procurement Portal,1083.138,5415.69,Y,OK
2025-08-16,S018,Newport Care & Education Centre,Wales,NetServe,IT & Telecoms,INV-2025-00836,18,250.25,4504.43,60,Legacy Spend File,900.886,4504.43,N,OK
2025-11-22,S013,Reading Care & Education Centre,South,PrintCo,Office & Training,INV-2025-00837,73,175.96,12845.17,45,Legacy Spend File,2569.034,12845.17,N,OK
2025-09-04,S018,Newport Care & Education Centre,Wales,TeleCare IT,IT & Telecoms,INV-2025-00838,70,127.04,8893.07,30,ERP,1778.614,8893.07,N,OK
2025-07-31,S020,Bangor Care & Education Centre,Wales,TeleCare IT,IT & Telecoms,INV-2025-00839,34,378.04,12853.42,30,Procurement Portal,2570.684,12853.42,N,OK
2025-03-11,S013,Reading Care & Education Centre,South,ClinEquip,Medical Supplies,INV-2025-00840,45,106.68,4800.43,45,Procurement Portal,960.086,4800.43,N,OK
2025-09-09,S002,Manchester Care & Education Centre,North,ClinEquip,Medical Supplies,INV-2025-00841,62,116.78,7240.32,45,ERP,1448.064,7240.32,N,OK
2025-04-29,S020,Bangor Care & Education Centre,Wales,NetServe,IT & Telecoms,INV-2025-00842,1,318.87,318.87,60,Procurement Portal,63.774,318.87,N,OK
2025-08-12,S011,London Care & Education Centre,South,NurseLink,Agency Labour,INV-2025-00843,51,161.79,8251.18,30,ERP,1650.236,8251.18,N,OK
2025-04-23,S008,Leicester Care & Education Centre,Midlands,CareTemps,Agency Labour,INV-2025-00844,34,370.22,12587.61,30,Procurement Portal,2517.5220000000004,12587.61,N,OK
2025-11-10,S008,Leicester Care & Education Centre,Midlands,PowerDirect,Utilities,INV-2025-00845,35,273.97,9588.86,45,Legacy Spend File,1917.772,9588.86,N,OK
2025-04-07,S002,Manchester Care & Education Centre,North,TeleCare IT,IT & Telecoms,INV-2025-00846,9,288.44,2595.93,30,ERP,519.186,2595.93,N,OK
2025-08-22,S001,Preston Care & Education Centre,North,KitchenPro,Food & Catering,INV-2025-00847,80,76.21,6096.42,45,Procurement Portal,1219.284,6096.42,N,OK
2025-06-14,S009,Derby Care & Education Centre,Midlands,OfficePlus,Office & Training,INV-2025-00848,3,289.43,868.28,30,ERP,173.656,868.28,N,OK
2025-02-22,S015,Brighton Care & Education Centre,South,MediSure,Medical Supplies,INV-2025-00849,37,84.5,3126.45,45,ERP,625.29,3126.45,Y,OK
2025-01-05,S019,Wrexham Care & Education Centre,Wales,PrintCo,Office & Training,INV-2025-00850,30,56.0,1680.15,30,ERP,336.03000000000003,1680.15,N,OK
2025-06-25,S009,Derby Care & Education Centre,Midlands,OfficePlus,Office & Training,INV-2025-00851,54,53.24,2874.82,45,Procurement Portal,574.964,2874.82,N,OK
2025-01-17,S010,Coventry Care & Education Centre,Midlands,PrintCo,Office & Training,INV-2025-00852,43,55.26,2376.01,30,ERP,475.20200000000006,2376.01,N,OK
2025-02-06,S006,Birmingham Care & Education Centre,Midlands,TeleCare IT,IT & Telecoms,INV-2025-00853,70,154.94,10846.09,45,ERP,2169.2180000000003,10846.09,N,OK
2025-01-07,S015,Brighton Care & Education Centre,South,TeleCare IT,IT & Telecoms,INV-2025-00854,16,423.09,6769.45,60,ERP,1353.89,6769.45,N,OK
2025-01-18,S010,Coventry Care & Education Centre,Midlands,OfficePlus,Office & Training,INV-2025-00855,26,163.82,4259.31,45,Legacy Spend File,851.8620000000001,4259.31,N,OK
2025-07-19,S016,Cardiff Care & Education Centre,Wales,WaterGrid,Utilities,INV-2025-00856,40,182.65,7305.84,45,ERP,1461.168,7305.84,N,OK
2025-10-09,S016,Cardiff Care & Education Centre,Wales,ClinEquip,Medical Supplies,INV-2025-00857,67,75.92,5086.72,30,Procurement Portal,1017.344,5086.72,N,OK
2025-07-04,S003,Leeds Care & Education Centre,North,CloudLink,IT & Telecoms,INV-2025-00858,7,285.12,1995.83,60,ERP,399.166,1995.83,Y,OK
2025-08-11,S018,Newport Care & Education Centre,Wales,PowerDirect,Utilities,INV-2025-00859,42,184.52,7749.69,30,ERP,1549.938,7749.69,N,OK
2025-05-05,S020,Bangor Care & Education Centre,Wales,NourishCo,Food & Catering,INV-2025-00860,2,92.07,184.13,30,Legacy Spend File,36.826,184.13,N,OK
2025-11-02,S004,Newcastle Care & Education Centre,North,PrintCo,Office & Training,INV-2025-00861,20,83.86,1677.11,45,ERP,335.422,1677.11,N,OK
2025-02-16,S014,Southampton Care & Education Centre,South,SafeGuard FM,Facilities,INV-2025-00862,80,78.2,6256.17,45,Legacy Spend File,1251.2340000000002,6256.17,N,OK
2025-11-27,S015,Brighton Care & Education Centre,South,CareMed,Medical Supplies,INV-2025-00863,20,281.07,5621.49,60,Legacy Spend File,1124.298,5621.49,N,OK
2025-04-30,S006,Birmingham Care & Education Centre,Midlands,SafeGuard FM,Facilities,INV-2025-00864,41,483.33,19816.33,60,Legacy Spend File,3963.266000000001,19816.33,N,OK
2025-04-09,S015,Brighton Care & Education Centre,South,RoadReady,Vehicle & Fuel,INV-2025-00865,3,67.82,203.46,60,Procurement Portal,40.69200000000001,203.46,N,OK
2025-01-21,S014,Southampton Care & Education Centre,South,SafeGuard FM,Facilities,INV-2025-00866,63,145.43,9162.33,60,Procurement Portal,1832.466,9162.33,N,OK
2025-12-23,S018,Newport Care & Education Centre,Wales,NetServe,IT & Telecoms,INV-2025-00867,63,257.46,16219.8,30,Legacy Spend File,3243.96,16219.8,N,OK
2025-08-28,S019,Wrexham Care & Education Centre,Wales,RoadReady,Vehicle & Fuel,INV-2025-00868,36,114.19,4110.69,60,Legacy Spend File,822.1379999999999,4110.69,N,OK
2025-03-21,S020,Bangor Care & Education Centre,Wales,KitchenPro,Food & Catering,INV-2025-00869,58,93.37,5415.55,45,Procurement Portal,1083.11,5415.55,N,OK
2025-01-01,S009,Derby Care & Education Centre,Midlands,RoadReady,Vehicle & Fuel,INV-2025-00870,65,287.0,18655.13,45,Legacy Spend File,3731.026,18655.13,N,OK
2025-07-06,S012,Bristol Care & Education Centre,South,ClinEquip,Medical Supplies,INV-2025-00871,80,108.87,8709.74,30,Procurement Portal,1741.948,8709.74,N,OK
2025-10-03,S015,Brighton Care & Education Centre,South,KitchenPro,Food & Catering,INV-2025-00872,50,41.9,2095.08,30,Legacy Spend File,419.016,2095.08,N,OK
2025-03-20,S005,Sheffield Care & Education Centre,North,PrintCo,Office & Training,INV-2025-00873,79,35.12,2774.73,45,Procurement Portal,554.946,2774.73,N,OK
2025-02-19,S005,Sheffield Care & Education Centre,North,FleetFuel,Vehicle & Fuel,INV-2025-00874,67,63.55,4258.01,60,ERP,851.6020000000001,4258.01,Y,OK
2025-01-17,S006,Birmingham Care & Education Centre,Midlands,CleanWorks,Facilities,INV-2025-00875,26,176.75,4595.5,30,Procurement Portal,919.1,4595.5,Y,OK
2025-10-20,S004,Newcastle Care & Education Centre,North,FreshServe,Food & Catering,INV-2025-00876,50,174.41,8720.37,60,Procurement Portal,1744.0740000000003,8720.37,Y,OK
2025-07-07,S011,London Care & Education Centre,South,CloudLink,IT & Telecoms,INV-2025-00877,29,165.5,4799.36,60,Legacy Spend File,959.872,4799.36,Y,OK
2025-12-02,S019,Wrexham Care & Education Centre,Wales,MediSure,Medical Supplies,INV-2025-00878,63,135.72,8550.2,30,Procurement Portal,1710.0400000000002,8550.2,Y,OK
2025-10-13,S008,Leicester Care & Education Centre,Midlands,CareMed,Medical Supplies,INV-2025-00879,54,118.92,6421.73,45,Legacy Spend File,1284.346,6421.73,N,OK
2025-01-21,S012,Bristol Care & Education Centre,South,NetServe,IT & Telecoms,INV-2025-00880,10,422.95,4229.46,45,ERP,845.892,4229.46,N,OK
2025-04-29,S003,Leeds Care & Education Centre,North,FreshServe,Food & Catering,INV-2025-00881,69,260.92,18003.23,45,ERP,3600.646,18003.23,Y,OK
2025-11-17,S009,Derby Care & Education Centre,Midlands,PowerDirect,Utilities,INV-2025-00882,23,186.7,4294.01,60,Legacy Spend File,858.8020000000001,4294.01,N,OK
2025-02-24,S013,Reading Care & Education Centre,South,NurseLink,Agency Labour,INV-2025-00883,74,229.2,16960.73,45,Legacy Spend File,3392.146,16960.73,N,OK
2025-03-27,S001,Preston Care & Education Centre,North,HealthStaffing,Agency Labour,INV-2025-00884,24,532.76,12786.24,60,Procurement Portal,2557.248,12786.24,N,OK
2025-03-22,S014,Southampton Care & Education Centre,South,AutoCare,Vehicle & Fuel,INV-2025-00885,69,138.23,9537.85,60,Procurement Portal,1907.57,9537.85,N,OK
2025-06-16,S009,Derby Care & Education Centre,Midlands,AutoCare,Vehicle & Fuel,INV-2025-00886,48,262.32,12591.37,45,Legacy Spend File,2518.2740000000003,12591.37,N,OK
2025-05-04,S007,Nottingham Care & Education Centre,Midlands,AutoCare,Vehicle & Fuel,INV-2025-00887,73,130.98,9561.47,60,ERP,1912.294,9561.47,N,OK
2025-08-20,S014,Southampton Care & Education Centre,South,TeleCare IT,IT & Telecoms,INV-2025-00888,58,180.55,10472.0,45,ERP,2094.4,10472.0,N,OK
2025-11-02,S011,London Care & Education Centre,South,CareMed,Medical Supplies,INV-2025-00889,3,166.06,498.18,60,ERP,99.636,498.18,N,OK
2025-04-24,S013,Reading Care & Education Centre,South,CareMed,Medical Supplies,INV-2025-00890,28,220.8,6182.53,45,ERP,1236.506,6182.53,N,OK
2025-09-19,S018,Newport Care & Education Centre,Wales,NetServe,IT & Telecoms,INV-2025-00891,72,345.47,24873.52,60,Legacy Spend File,4974.704000000001,24873.52,N,OK
2025-08-24,S008,Leicester Care & Education Centre,Midlands,FreshServe,Food & Catering,INV-2025-00892,46,85.92,3952.21,30,ERP,790.442,3952.21,Y,OK
2025-05-08,S013,Reading Care & Education Centre,South,AutoCare,Vehicle & Fuel,INV-2025-00893,30,170.81,5124.28,45,Procurement Portal,1024.856,5124.28,N,OK
2025-04-22,S009,Derby Care & Education Centre,Midlands,NurseLink,Agency Labour,INV-2025-00894,10,570.72,5707.18,60,Procurement Portal,1141.436,5707.18,N,OK
2025-12-20,S013,Reading Care & Education Centre,South,SafeGuard FM,Facilities,INV-2025-00895,74,384.96,28487.18,30,Legacy Spend File,5697.436000000001,28487.18,N,OK
2025-10-23,S001,Preston Care & Education Centre,North,CloudLink,IT & Telecoms,INV-2025-00896,49,314.32,15401.78,30,ERP,3080.356,15401.78,Y,OK
2025-08-02,S002,Manchester Care & Education Centre,North,RoadReady,Vehicle & Fuel,INV-2025-00897,16,86.66,1386.52,30,Legacy Spend File,277.30400000000003,1386.52,N,OK
2025-11-20,S015,Brighton Care & Education Centre,South,ClinEquip,Medical Supplies,INV-2025-00898,49,130.08,6374.14,30,Procurement Portal,1274.8280000000002,6374.14,N,OK
2025-10-04,S006,Birmingham Care & Education Centre,Midlands,CareMed,Medical Supplies,INV-2025-00899,73,233.01,17009.57,30,Procurement Portal,3401.914,17009.57,N,OK
2025-01-26,S006,Birmingham Care & Education Centre,Midlands,UK Energy Partners,Utilities,INV-2025-00900,51,159.52,8135.33,45,Legacy Spend File,1627.066,8135.33,N,OK
2025-08-10,S009,Derby Care & Education Centre,Midlands,FreshServe,Food & Catering,INV-2025-00901,38,79.61,3025.23,45,ERP,605.046,3025.23,Y,OK
2025-09-01,,Preston Care & Education Centre,North,FleetFuel,Vehicle & Fuel,INV-2025-00902,74,76.52,5662.41,60,ERP,1132.482,5662.41,Y,Missing site
2025-02-13,S005,Sheffield Care & Education Centre,North,CareTemps,Agency Labour,INV-2025-00903,52,304.78,15848.59,60,Procurement Portal,3169.7180000000003,15848.59,N,OK
2025-09-04,S016,Cardiff Care & Education Centre,Wales,CleanWorks,Facilities,INV-2025-00904,72,363.62,26180.54,30,Procurement Portal,5236.108,26180.54,Y,OK
2025-11-12,S009,Derby Care & Education Centre,Midlands,PowerDirect,Utilities,INV-2025-00905,68,277.71,18884.05,30,ERP,3776.81,18884.05,N,OK
2025-06-15,S011,London Care & Education Centre,South,TeleCare IT,IT & Telecoms,INV-2025-00906,74,225.69,16701.15,30,ERP,3340.2300000000005,16701.15,N,OK
2025-07-07,S010,Coventry Care & Education Centre,Midlands,CareTemps,Agency Labour,INV-2025-00907,45,142.0,6390.22,30,Procurement Portal,1278.044,6390.22,N,OK
2025-03-28,S008,Leicester Care & Education Centre,Midlands,CareMed,Medical Supplies,INV-2025-00908,45,180.9,8140.39,60,Procurement Portal,1628.0780000000002,8140.39,N,OK
2025-01-23,S016,Cardiff Care & Education Centre,Wales,SafeGuard FM,Facilities,INV-2025-00909,30,256.72,7701.5,30,Legacy Spend File,1540.3000000000002,7701.5,N,OK
2025-02-13,S001,Preston Care & Education Centre,North,BuildCare,Facilities,INV-2025-00910,15,591.55,8873.26,60,ERP,1774.652,8873.26,N,OK
2025-01-08,S015,Brighton Care & Education Centre,South,SafeGuard FM,Facilities,INV-2025-00911,44,151.97,6686.65,60,ERP,1337.33,6686.65,N,OK
2025-01-12,S019,Wrexham Care & Education Centre,Wales,LearnWell,Office & Training,INV-2025-00912,43,84.61,3638.11,30,Legacy Spend File,727.6220000000001,3638.11,N,OK
2025-10-07,S015,Brighton Care & Education Centre,South,UK Energy Partners,Utilities,INV-2025-00913,67,286.75,19212.46,45,Legacy Spend File,3842.492,19212.46,N,OK
2025-12-24,S013,Reading Care & Education Centre,South,BuildCare,Facilities,INV-2025-00914,3,428.61,1285.84,45,Legacy Spend File,257.168,1285.84,N,OK
2025-03-29,S020,Bangor Care & Education Centre,Wales,CareMed,Medical Supplies,INV-2025-00915,8,113.87,910.98,45,ERP,182.19600000000003,910.98,N,OK
2025-08-27,S019,Wrexham Care & Education Centre,Wales,CloudLink,IT & Telecoms,INV-2025-00916,2,256.49,512.98,30,Procurement Portal,102.596,512.98,Y,OK
2025-12-04,S017,Swansea Care & Education Centre,Wales,NetServe,IT & Telecoms,INV-2025-00917,47,307.34,14445.21,30,ERP,2889.042,14445.21,N,OK
2025-07-14,S004,Newcastle Care & Education Centre,North,HealthStaffing,Agency Labour,INV-2025-00918,66,332.43,21940.12,60,ERP,4388.024,21940.12,N,OK
2025-09-30,S007,Nottingham Care & Education Centre,Midlands,PrintCo,Office & Training,INV-2025-00919,12,58.67,704.05,30,ERP,140.81,704.05,N,OK
2025-12-31,S008,Leicester Care & Education Centre,Midlands,PrintCo,Office & Training,INV-2025-00920,3,83.45,250.35,30,ERP,50.07,250.35,N,OK
2025-09-08,S006,Birmingham Care & Education Centre,Midlands,TeleCare IT,IT & Telecoms,INV-2025-00921,51,397.07,20250.82,60,ERP,4050.164,20250.82,N,OK
2025-06-30,S001,Preston Care & Education Centre,North,AutoCare,Vehicle & Fuel,INV-2025-00922,46,54.02,2484.77,60,Procurement Portal,496.954,2484.77,N,OK
2025-11-17,S011,London Care & Education Centre,South,CloudLink,IT & Telecoms,INV-2025-00923,33,236.69,7810.84,45,ERP,1562.168,7810.84,Y,OK
2025-03-19,S012,Bristol Care & Education Centre,South,CloudLink,IT & Telecoms,INV-2025-00924,44,149.69,6586.32,45,Legacy Spend File,1317.264,6586.32,Y,OK
2025-07-15,S009,Derby Care & Education Centre,Midlands,KitchenPro,Food & Catering,INV-2025-00925,67,125.42,8403.1,60,Legacy Spend File,1680.62,8403.1,N,OK
2025-05-04,S005,Sheffield Care & Education Centre,North,WaterGrid,Utilities,INV-2025-00926,74,108.17,8004.61,30,Procurement Portal,1600.922,8004.61,N,OK
2025-10-05,S001,Preston Care & Education Centre,North,RoadReady,Vehicle & Fuel,INV-2025-00927,17,69.86,1187.59,30,Legacy Spend File,237.518,1187.59,N,OK
2025-06-08,S017,Swansea Care & Education Centre,Wales,UK Energy Partners,Utilities,INV-2025-00928,68,307.64,20919.46,30,Procurement Portal,4183.892,20919.46,N,OK
2025-02-04,S003,Leeds Care & Education Centre,North,SafeGuard FM,Facilities,INV-2025-00929,72,425.81,30658.38,60,Legacy Spend File,6131.676,30658.38,N,OK
2025-03-16,S002,Manchester Care & Education Centre,North,SafeGuard FM,Facilities,INV-2025-00930,4,173.61,694.43,45,Procurement Portal,138.886,694.43,N,OK
2025-11-23,S003,Leeds Care & Education Centre,North,TeleCare IT,IT & Telecoms,INV-2025-00931,36,162.11,5835.92,30,ERP,1167.184,5835.92,N,OK
2025-01-14,S003,Leeds Care & Education Centre,North,CleanWorks,Facilities,INV-2025-00932,79,506.53,40016.26,60,Procurement Portal,8003.252,40016.26,Y,OK
2025-04-29,S011,London Care & Education Centre,South,PowerDirect,Utilities,INV-2025-00933,30,112.74,3382.1,60,ERP,676.4200000000001,3382.1,N,OK
2025-09-02,S019,Wrexham Care & Education Centre,Wales,KitchenPro,Food & Catering,INV-2025-00934,18,19.4,349.12,60,Legacy Spend File,69.824,349.12,N,OK
2025-07-18,S015,Brighton Care & Education Centre,South,FleetFuel,Vehicle & Fuel,INV-2025-00935,63,121.01,7623.72,45,ERP,1524.744,7623.72,Y,OK
2025-01-17,S011,London Care & Education Centre,South,UK Energy Partners,Utilities,INV-2025-00936,53,189.68,10052.97,30,Procurement Portal,2010.594,10052.97,N,OK
2025-12-10,S002,Manchester Care & Education Centre,North,PowerDirect,Utilities,INV-2025-00937,26,142.56,3706.63,30,ERP,741.326,3706.63,N,OK
2025-09-08,S019,Wrexham Care & Education Centre,Wales,PrintCo,Office & Training,INV-2025-00938,42,110.73,4650.61,45,ERP,930.122,4650.61,N,OK
2025-11-08,S008,Leicester Care & Education Centre,Midlands,HealthStaffing,Agency Labour,INV-2025-00939,49,343.05,16809.39,60,Procurement Portal,3361.878,16809.39,N,OK
2025-02-25,S019,Wrexham Care & Education Centre,Wales,ClinEquip,Medical Supplies,INV-2025-00940,58,87.99,5103.55,45,ERP,1020.71,5103.55,N,OK
2025-01-21,S001,Preston Care & Education Centre,North,NurseLink,Agency Labour,INV-2025-00941,72,148.36,10681.63,45,Legacy Spend File,2136.326,10681.63,N,OK
2025-05-30,S005,Sheffield Care & Education Centre,North,MediSure,Medical Supplies,INV-2025-00942,57,193.9,11052.31,45,Procurement Portal,2210.462,11052.31,Y,OK
2025-08-05,S002,Manchester Care & Education Centre,North,OfficePlus,Office & Training,INV-2025-00943,38,107.24,4075.24,60,ERP,815.048,4075.24,N,OK
2025-11-27,S020,Bangor Care & Education Centre,Wales,SafeGuard FM,Facilities,INV-2025-00944,58,170.44,9885.78,30,Legacy Spend File,1977.156,9885.78,N,OK
2025-10-27,S009,Derby Care & Education Centre,Midlands,FreshServe,Food & Catering,INV-2025-00945,70,179.48,12563.27,30,Procurement Portal,2512.6540000000005,12563.27,Y,OK
2025-01-13,S016,Cardiff Care & Education Centre,Wales,RoadReady,Vehicle & Fuel,INV-2025-00946,23,52.74,1212.97,45,Legacy Spend File,242.594,1212.97,N,OK
2025-02-16,S020,Bangor Care & Education Centre,Wales,WaterGrid,Utilities,INV-2025-00947,33,108.03,3565.04,45,Legacy Spend File,713.008,3565.04,N,OK
2025-03-05,S003,Leeds Care & Education Centre,North,BuildCare,Facilities,INV-2025-00948,12,123.03,1476.33,30,Legacy Spend File,295.266,1476.33,N,OK
2025-09-26,S005,Sheffield Care & Education Centre,North,FleetFuel,Vehicle & Fuel,INV-2025-00949,50,92.65,4632.39,60,Legacy Spend File,926.478,4632.39,Y,OK
2025-10-09,S003,Leeds Care & Education Centre,North,SafeGuard FM,Facilities,INV-2025-00950,49,205.78,10083.08,30,ERP,2016.616,10083.08,N,OK
2025-03-16,S013,Reading Care & Education Centre,South,CleanWorks,Facilities,INV-2025-00951,23,157.63,3625.59,60,ERP,725.118,3625.59,Y,OK
2025-08-17,S007,Nottingham Care & Education Centre,Midlands,TeleCare IT,IT & Telecoms,INV-2025-00952,37,267.0,9879.09,60,ERP,1975.818,9879.09,N,OK
2025-01-02,S002,Manchester Care & Education Centre,North,CleanWorks,Facilities,INV-2025-00953,80,90.43,7234.65,45,ERP,1446.93,7234.65,Y,OK
2025-10-06,S015,Brighton Care & Education Centre,South,LearnWell,Office & Training,INV-2025-00954,1,165.93,165.93,60,Procurement Portal,33.186,165.93,N,OK
2025-12-04,S019,Wrexham Care & Education Centre,Wales,PowerDirect,Utilities,INV-2025-00955,61,238.96,14576.29,45,Procurement Portal,2915.2580000000003,14576.29,N,OK
2025-11-04,S018,Newport Care & Education Centre,Wales,KitchenPro,Food & Catering,INV-2025-00956,1,120.17,120.17,30,Legacy Spend File,24.034,120.17,N,OK
2025-04-05,S019,Wrexham Care & Education Centre,Wales,UK Energy Partners,Utilities,INV-2025-00957,19,301.86,5735.32,30,Legacy Spend File,1147.064,5735.32,N,OK
2025-01-17,S018,Newport Care & Education Centre,Wales,MediSure,Medical Supplies,INV-2025-00958,74,154.27,11416.0,60,Procurement Portal,2283.2000000000003,11416.0,Y,OK
2025-02-25,S011,London Care & Education Centre,South,FreshServe,Food & Catering,INV-2025-00959,54,88.92,4801.79,30,ERP,960.358,4801.79,Y,OK
2025-12-05,S019,Wrexham Care & Education Centre,Wales,netserve,IT & Telecoms,INV-2025-00960,77,281.43,21669.75,60,Legacy Spend File,4333.95,21669.75,N,OK
2025-10-24,S008,Leicester Care & Education Centre,Midlands,PrintCo,Office & Training,INV-2025-00961,47,106.8,5019.74,30,ERP,1003.948,5019.74,N,OK
2025-07-14,S020,Bangor Care & Education Centre,Wales,RoadReady,Vehicle & Fuel,INV-2025-00962,9,197.34,1776.03,45,Legacy Spend File,355.206,1776.03,N,OK
2025-03-10,S014,Southampton Care & Education Centre,South,TeleCare IT,IT & Telecoms,INV-2025-00963,16,245.11,3921.79,60,Procurement Portal,784.3580000000001,3921.79,N,OK
2025-04-18,S002,Manchester Care & Education Centre,North,NurseLink,Agency Labour,INV-2025-00964,27,443.07,11962.97,60,ERP,2392.594,11962.97,N,OK
2025-12-19,S004,Newcastle Care & Education Centre,North,NourishCo,Food & Catering,INV-2025-00965,78,61.87,4825.85,60,Procurement Portal,965.17,4825.85,N,OK
2025-09-27,S005,Sheffield Care & Education Centre,North,RoadReady,Vehicle & Fuel,INV-2025-00966,74,209.76,15521.89,60,Procurement Portal,3104.378,15521.89,N,OK
2025-11-20,S012,Bristol Care & Education Centre,South,PrintCo,Office & Training,INV-2025-00967,64,51.7,3308.85,45,ERP,661.77,3308.85,N,OK
2025-05-29,S018,Newport Care & Education Centre,Wales,PowerDirect,Utilities,INV-2025-00968,25,673.16,16828.92,30,ERP,3365.784,16828.92,N,OK
2025-03-02,S008,Leicester Care & Education Centre,Midlands,PrintCo,Office & Training,INV-2025-00969,27,73.36,1980.76,60,Procurement Portal,396.152,1980.76,N,OK
2025-06-29,S020,Bangor Care & Education Centre,Wales,CareMed,Medical Supplies,INV-2025-00970,72,54.63,3933.29,60,ERP,786.658,3933.29,N,OK
2025-05-25,S014,Southampton Care & Education Centre,South,PowerDirect,Utilities,INV-2025-00971,33,268.25,8852.24,30,Procurement Portal,1770.448,8852.24,N,OK
2025-02-28,S004,Newcastle Care & Education Centre,North,FleetFuel,Vehicle & Fuel,INV-2025-00972,43,65.32,2808.76,45,Procurement Portal,561.7520000000001,2808.76,Y,OK
2025-04-10,S007,Nottingham Care & Education Centre,Midlands,MediSure,Medical Supplies,INV-2025-00973,43,190.54,8193.09,45,Legacy Spend File,1638.6180000000002,8193.09,Y,OK
2025-11-27,S007,Nottingham Care & Education Centre,Midlands,OfficePlus,Office & Training,INV-2025-00974,18,52.38,942.86,45,ERP,188.572,942.86,N,OK
2025-06-21,S019,Wrexham Care & Education Centre,Wales,PrintCo,Office & Training,INV-2025-00975,60,58.68,3520.76,45,Legacy Spend File,704.152,3520.76,N,OK
2025-12-14,S007,Nottingham Care & Education Centre,Midlands,NetServe,IT & Telecoms,INV-2025-00976,41,77.82,3190.56,60,Legacy Spend File,638.1120000000001,3190.56,N,OK
2025-12-17,S010,Coventry Care & Education Centre,Midlands,PowerDirect,Utilities,INV-2025-00977,43,194.94,8382.43,45,ERP,1676.486,8382.43,N,OK
2025-06-23,S014,Southampton Care & Education Centre,South,CloudLink,IT & Telecoms,INV-2025-00978,49,58.0,2842.14,60,Legacy Spend File,568.428,2842.14,Y,OK
2025-11-01,S008,Leicester Care & Education Centre,Midlands,HealthStaffing,Agency Labour,INV-2025-00979,15,125.54,1883.12,45,Legacy Spend File,376.624,1883.12,N,OK
2025-07-31,S008,Leicester Care & Education Centre,Midlands,CareMed,Medical Supplies,INV-2025-00980,12,182.31,2187.74,45,ERP,437.548,2187.74,N,OK
2025-04-21,S009,Derby Care & Education Centre,Midlands,LearnWell,Office & Training,INV-2025-00981,68,115.55,7857.2,45,ERP,1571.44,7857.2,N,OK
2025-04-14,S005,Sheffield Care & Education Centre,North,FleetFuel,Vehicle & Fuel,INV-2025-00982,12,120.05,1440.56,45,Legacy Spend File,288.112,1440.56,Y,OK
2025-03-20,S018,Newport Care & Education Centre,Wales,PrintCo,Office & Training,INV-2025-00983,25,44.06,1101.61,45,Procurement Portal,220.322,1101.61,N,OK
2025-03-15,S011,London Care & Education Centre,South,TeleCare IT,IT & Telecoms,INV-2025-00984,13,214.3,2785.93,60,Legacy Spend File,557.186,2785.93,N,OK
2025-01-19,S003,Leeds Care & Education Centre,North,PowerDirect,Utilities,INV-2025-00985,59,249.51,14720.8,45,Legacy Spend File,2944.16,14720.8,N,OK
2025-06-09,S010,Coventry Care & Education Centre,Midlands,FreshServe,Food & Catering,INV-2025-00986,6,34.37,206.24,60,Legacy Spend File,41.248000000000005,206.24,Y,OK
2025-01-24,S006,Birmingham Care & Education Centre,Midlands,RoadReady,Vehicle & Fuel,INV-2025-00987,14,217.18,3040.58,60,Legacy Spend File,608.116,3040.58,N,OK
2025-10-23,S013,Reading Care & Education Centre,South,CloudLink,IT & Telecoms,INV-2025-00988,40,356.44,14257.76,60,ERP,2851.552,14257.76,Y,OK
2025-05-27,S005,Sheffield Care & Education Centre,North,UK Energy Partners,Utilities,INV-2025-00989,36,221.39,7970.08,60,Procurement Portal,1594.016,7970.08,N,OK
2025-03-18,S019,Wrexham Care & Education Centre,Wales,NourishCo,Food & Catering,INV-2025-00990,21,65.97,1385.33,45,ERP,277.066,1385.33,N,OK
2025-10-05,S007,Nottingham Care & Education Centre,Midlands,FreshServe,Food & Catering,INV-2025-00991,45,72.89,3280.2,60,Procurement Portal,656.04,3280.2,Y,OK
2025-05-26,S010,Coventry Care & Education Centre,Midlands,BuildCare,Facilities,INV-2025-00992,74,58.56,4333.23,30,ERP,866.646,4333.23,N,OK
2025-06-23,S009,Derby Care & Education Centre,Midlands,NetServe,IT & Telecoms,INV-2025-00993,70,192.04,13442.48,45,ERP,2688.496,13442.48,N,OK
2025-12-12,S012,Bristol Care & Education Centre,South,CareMed,Medical Supplies,INV-2025-00994,7,82.47,577.27,30,Procurement Portal,115.454,577.27,N,OK
2025-07-20,S007,Nottingham Care & Education Centre,Midlands,NourishCo,Food & Catering,INV-2025-00995,23,37.47,861.77,60,Legacy Spend File,172.354,861.77,N,OK
2025-07-02,S010,Coventry Care & Education Centre,Midlands,PrintCo,Office & Training,INV-2025-00996,40,64.26,2570.26,45,ERP,514.052,2570.26,N,OK
2025-10-18,S016,Cardiff Care & Education Centre,Wales,NourishCo,Food & Catering,INV-2025-00997,17,174.71,2970.03,30,Legacy Spend File,594.0060000000001,2970.03,N,OK
2025-06-08,S015,Brighton Care & Education Centre,South,NourishCo,Food & Catering,INV-2025-00998,60,92.47,5548.01,45,ERP,1109.602,5548.01,N,OK
2025-05-13,S012,Bristol Care & Education Centre,South,BuildCare,Facilities,INV-2025-00999,47,131.47,6179.27,45,ERP,1235.8540000000005,6179.27,N,OK
2025-08-21,S018,Newport Care & Education Centre,Wales,RoadReady,Vehicle & Fuel,INV-2025-01000,63,130.16,8200.35,30,ERP,1640.0700000000002,8200.35,N,OK
2025-09-03,S012,Bristol Care & Education Centre,South,NourishCo,Food & Catering,INV-2025-01001,60,140.34,8420.1,30,Procurement Portal,1684.0200000000002,8420.1,N,OK
2025-02-22,S019,Wrexham Care & Education Centre,Wales,BuildCare,Facilities,INV-2025-01002,52,299.32,15564.52,60,ERP,3112.9040000000005,15564.52,N,OK
2025-09-30,S009,Derby Care & Education Centre,Midlands,NourishCo,Food & Catering,INV-2025-01003,60,67.17,4030.03,45,Legacy Spend File,806.0060000000001,4030.03,N,OK
2025-05-05,S011,London Care & Education Centre,South,PowerDirect,Utilities,INV-2025-01004,71,175.15,12435.69,30,Procurement Portal,2487.1380000000004,12435.69,N,OK
2025-04-17,S012,Bristol Care & Education Centre,South,NourishCo,Food & Catering,INV-2025-01005,76,95.43,7252.8,45,Procurement Portal,1450.5600000000002,7252.8,N,OK
2025-12-22,S015,Brighton Care & Education Centre,South,AutoCare,Vehicle & Fuel,INV-2025-01006,31,117.95,3656.57,30,Legacy Spend File,731.3140000000001,3656.57,N,OK
2025-12-31,S001,Preston Care & Education Centre,North,KitchenPro,Food & Catering,INV-2025-01007,74,106.35,7869.96,45,ERP,1573.9920000000002,7869.96,N,OK
2025-10-12,S004,Newcastle Care & Education Centre,North,LearnWell,Office & Training,INV-2025-01008,13,106.36,1382.68,45,ERP,276.536,1382.68,N,OK
2025-11-03,S010,Coventry Care & Education Centre,Midlands,HealthStaffing,Agency Labour,INV-2025-01009,14,534.34,7480.79,60,Legacy Spend File,1496.158,7480.79,N,OK
2025-11-27,S008,Leicester Care & Education Centre,Midlands,RoadReady,Vehicle & Fuel,INV-2025-01010,8,70.77,566.2,30,ERP,113.24,566.2,N,OK
2025-12-05,S013,Reading Care & Education Centre,South,MediSure,Medical Supplies,INV-2025-01011,20,247.66,4953.21,45,Legacy Spend File,990.642,4953.21,Y,OK
2025-10-23,S020,Bangor Care & Education Centre,Wales,NurseLink,Agency Labour,INV-2025-01012,58,334.44,19397.61,30,ERP,3879.522,19397.61,N,OK
2025-10-19,S012,Bristol Care & Education Centre,South,RoadReady,Vehicle & Fuel,INV-2025-01013,39,297.46,11600.83,45,Legacy Spend File,2320.166,11600.83,N,OK
2025-01-05,S010,Coventry Care & Education Centre,Midlands,KitchenPro,Food & Catering,INV-2025-01014,79,44.49,3514.95,60,Procurement Portal,702.99,3514.95,N,OK
2025-07-09,S018,Newport Care & Education Centre,Wales,CloudLink,IT & Telecoms,INV-2025-01015,71,571.58,40582.31,30,ERP,8116.461999999999,40582.31,Y,OK
2025-05-25,S017,Swansea Care & Education Centre,Wales,FleetFuel,Vehicle & Fuel,INV-2025-01016,4,105.92,423.7,30,Procurement Portal,84.74000000000001,423.7,Y,OK
2025-06-12,S005,Sheffield Care & Education Centre,North,NurseLink,Agency Labour,INV-2025-01017,49,209.66,10273.5,45,Procurement Portal,2054.7000000000003,10273.5,N,OK
2025-03-30,S013,Reading Care & Education Centre,South,PowerDirect,Utilities,INV-2025-01018,61,191.58,11686.59,30,ERP,2337.318,11686.59,N,OK
2025-08-02,S018,Newport Care & Education Centre,Wales,CareTemps,Agency Labour,INV-2025-01019,20,251.54,5030.75,45,Legacy Spend File,1006.15,5030.75,N,OK
2025-02-06,S003,Leeds Care & Education Centre,North,CleanWorks,Facilities,INV-2025-01020,3,227.29,681.88,30,Legacy Spend File,136.376,681.88,Y,OK
2025-02-13,S005,Sheffield Care & Education Centre,North,HealthStaffing,Agency Labour,INV-2025-01021,18,399.95,7199.12,60,Procurement Portal,1439.824,7199.12,N,OK
2025-04-03,S016,Cardiff Care & Education Centre,Wales,NurseLink,Agency Labour,INV-2025-01022,59,218.82,12910.35,60,Procurement Portal,2582.07,12910.35,N,OK
2025-07-01,S020,Bangor Care & Education Centre,Wales,LearnWell,Office & Training,INV-2025-01023,29,74.0,2146.06,30,Procurement Portal,429.212,2146.06,N,OK
2025-09-13,S003,Leeds Care & Education Centre,North,ClinEquip,Medical Supplies,INV-2025-01024,31,389.84,12085.09,60,Legacy Spend File,2417.018,12085.09,N,OK
2025-10-23,S007,Nottingham Care & Education Centre,Midlands,NurseLink,Agency Labour,INV-2025-01025,47,775.83,36463.93,30,ERP,7292.786,36463.93,N,OK
2025-07-08,S003,Leeds Care & Education Centre,North,PrintCo,Office & Training,INV-2025-01026,15,95.34,1430.12,60,Procurement Portal,286.024,1430.12,N,OK
2025-09-27,S012,Bristol Care & Education Centre,South,FreshServe,Food & Catering,INV-2025-01027,36,66.37,2389.43,45,Legacy Spend File,477.886,2389.43,Y,OK
2025-08-30,S011,London Care & Education Centre,South,FreshServe,Food & Catering,INV-2025-01028,10,69.44,694.36,60,Legacy Spend File,138.872,694.36,Y,OK
2025-01-28,S015,Brighton Care & Education Centre,South,NetServe,IT & Telecoms,INV-2025-01029,44,308.3,13565.05,60,ERP,2713.01,13565.05,N,OK
2025-08-29,S018,Newport Care & Education Centre,Wales,PrintCo,Office & Training,INV-2025-01030,74,42.73,3162.18,60,Procurement Portal,632.436,3162.18,N,OK
2025-05-29,S015,Brighton Care & Education Centre,South,RoadReady,Vehicle & Fuel,INV-2025-01031,22,82.46,1814.13,30,Legacy Spend File,362.826,1814.13,N,OK
2025-10-16,S009,Derby Care & Education Centre,Midlands,NetServe,IT & Telecoms,INV-2025-01032,34,87.87,2987.72,30,Legacy Spend File,597.544,2987.72,N,OK
2025-01-27,S019,Wrexham Care & Education Centre,Wales,BuildCare,Facilities,INV-2025-01033,38,224.2,8519.52,60,Legacy Spend File,1703.9040000000002,8519.52,N,OK
2025-02-12,S001,Preston Care & Education Centre,North,TeleCare IT,IT & Telecoms,INV-2025-01034,17,314.06,5339.03,60,ERP,1067.806,5339.03,N,OK
2025-11-12,S017,Swansea Care & Education Centre,Wales,CloudLink,IT & Telecoms,INV-2025-01035,36,168.66,6071.7,45,Procurement Portal,1214.34,6071.7,Y,OK
2025-03-31,S017,Swansea Care & Education Centre,Wales,KitchenPro,Food & Catering,INV-2025-01036,76,154.48,11740.66,60,ERP,2348.132,11740.66,N,OK
2025-03-31,S001,Preston Care & Education Centre,North,LearnWell,Office & Training,INV-2025-01037,34,38.22,1299.43,60,ERP,259.886,1299.43,N,OK
2025-01-17,S005,Sheffield Care & Education Centre,North,BuildCare,Facilities,INV-2025-01038,44,80.44,3539.5,30,ERP,707.9000000000001,3539.5,N,OK
2025-07-31,S015,Brighton Care & Education Centre,South,SafeGuard FM,Facilities,INV-2025-01039,50,203.65,10182.53,30,Legacy Spend File,2036.5060000000003,10182.53,N,OK
2025-10-23,S017,Swansea Care & Education Centre,Wales,CleanWorks,Facilities,INV-2025-01040,45,320.17,14407.78,30,Legacy Spend File,2881.5560000000005,14407.78,Y,OK
2025-03-27,S001,Preston Care & Education Centre,North,FreshServe,Food & Catering,INV-2025-01041,60,164.11,9846.7,45,Procurement Portal,1969.34,9846.7,Y,OK
2025-09-30,S015,Brighton Care & Education Centre,South,PrintCo,Office & Training,INV-2025-01042,30,58.27,1748.13,45,Legacy Spend File,349.62600000000003,1748.13,N,OK
2025-05-15,S020,Bangor Care & Education Centre,Wales,CareTemps,Agency Labour,INV-2025-01043,19,542.97,10316.46,60,Procurement Portal,2063.292,10316.46,N,OK
2025-07-15,S012,Bristol Care & Education Centre,South,TeleCare IT,IT & Telecoms,INV-2025-01044,41,215.39,8830.97,60,Legacy Spend File,1766.194,8830.97,N,OK
2025-11-23,S003,Leeds Care & Education Centre,North,KitchenPro,Food & Catering,INV-2025-01045,46,59.11,2719.17,45,Legacy Spend File,543.8340000000001,2719.17,N,OK
2025-05-19,S017,Swansea Care & Education Centre,Wales,TeleCare IT,IT & Telecoms,INV-2025-01046,35,357.68,12518.82,30,Procurement Portal,2503.764,12518.82,N,OK
2025-12-12,S013,Reading Care & Education Centre,South,CareTemps,Agency Labour,INV-2025-01047,31,429.47,13313.68,60,Legacy Spend File,2662.7360000000003,13313.68,N,OK
2025-06-22,S014,Southampton Care & Education Centre,South,PowerDirect,Utilities,INV-2025-01048,24,105.05,2521.22,45,Legacy Spend File,504.244,2521.22,N,OK
2025-01-07,S015,Brighton Care & Education Centre,South,MediSure,Medical Supplies,INV-2025-01049,53,270.32,14326.71,30,Legacy Spend File,2865.342,14326.71,Y,OK
2025-04-23,S007,Nottingham Care & Education Centre,Midlands,LearnWell,Office & Training,INV-2025-01050,37,160.22,5928.08,45,ERP,1185.616,5928.08,N,OK
2025-02-17,S014,Southampton Care & Education Centre,South,ClinEquip,Medical Supplies,INV-2025-01051,8,85.07,680.53,60,Legacy Spend File,136.106,680.53,N,OK
2025-03-03,S011,London Care & Education Centre,South,KitchenPro,Food & Catering,INV-2025-01052,12,80.81,969.7,60,ERP,193.94000000000003,969.7,N,OK
2025-12-23,S005,Sheffield Care & Education Centre,North,CleanWorks,Facilities,INV-2025-01053,24,236.2,5668.77,45,Procurement Portal,1133.754,5668.77,Y,OK
2025-08-21,S002,Manchester Care & Education Centre,North,KitchenPro,Food & Catering,INV-2025-01054,36,75.02,2700.73,45,Legacy Spend File,540.1460000000001,2700.73,N,OK
2025-03-24,S001,Preston Care & Education Centre,North,RoadReady,Vehicle & Fuel,INV-2025-01055,10,70.19,701.9,45,ERP,140.38,701.9,N,OK
2025-01-31,S018,Newport Care & Education Centre,Wales,CareTemps,Agency Labour,INV-2025-01056,34,207.35,7049.77,45,ERP,1409.9540000000002,7049.77,N,OK
2025-04-13,S007,Nottingham Care & Education Centre,Midlands,NourishCo,Food & Catering,INV-2025-01057,79,64.09,5063.33,45,ERP,1012.666,5063.33,N,OK
2025-03-15,S014,Southampton Care & Education Centre,South,OfficePlus,Office & Training,INV-2025-01058,70,142.95,10006.44,45,ERP,2001.288,10006.44,N,OK
2025-05-13,S017,Swansea Care & Education Centre,Wales,NourishCo,Food & Catering,INV-2025-01059,14,87.65,1227.12,30,ERP,245.424,1227.12,N,OK
2025-01-10,S019,Wrexham Care & Education Centre,Wales,TeleCare IT,IT & Telecoms,INV-2025-01060,64,179.43,11483.57,30,Legacy Spend File,2296.714,11483.57,N,OK
2025-12-07,S016,Cardiff Care & Education Centre,Wales,MediSure,Medical Supplies,INV-2025-01061,50,183.45,9172.35,45,ERP,1834.4700000000005,9172.35,Y,OK
2025-10-22,S004,Newcastle Care & Education Centre,North,RoadReady,Vehicle & Fuel,INV-2025-01062,1,19.83,19.83,60,Legacy Spend File,3.966,19.83,N,OK
2025-07-26,S002,Manchester Care & Education Centre,North,LearnWell,Office & Training,INV-2025-01063,9,141.08,1269.7,60,ERP,253.94000000000003,1269.7,N,OK
2025-09-04,S016,Cardiff Care & Education Centre,Wales,NurseLink,Agency Labour,INV-2025-01064,16,115.23,1843.7,60,Legacy Spend File,368.74,1843.7,N,OK
2025-06-05,S016,Cardiff Care & Education Centre,Wales,AutoCare,Vehicle & Fuel,INV-2025-01065,52,77.83,4047.19,30,Legacy Spend File,809.4380000000001,4047.19,N,OK
2025-10-01,S008,Leicester Care & Education Centre,Midlands,NourishCo,Food & Catering,INV-2025-01066,44,35.11,1544.97,30,Procurement Portal,308.994,1544.97,N,OK
2025-04-14,S002,Manchester Care & Education Centre,North,NetServe,IT & Telecoms,INV-2025-01067,23,107.94,2482.56,60,ERP,496.512,2482.56,N,OK
2025-12-23,S020,Bangor Care & Education Centre,Wales,WaterGrid,Utilities,INV-2025-01068,50,473.39,23669.41,30,Legacy Spend File,4733.8820000000005,23669.41,N,OK
2025-02-13,S015,Brighton Care & Education Centre,South,RoadReady,Vehicle & Fuel,INV-2025-01069,57,73.45,4186.8,60,ERP,837.3600000000001,4186.8,N,OK
2025-01-13,S016,Cardiff Care & Education Centre,Wales,MediSure,Medical Supplies,INV-2025-01070,76,145.19,11034.72,30,Procurement Portal,2206.944,11034.72,Y,OK
2025-11-26,S016,Cardiff Care & Education Centre,Wales,KitchenPro,Food & Catering,INV-2025-01071,40,63.34,2533.76,45,Legacy Spend File,506.75200000000007,2533.76,N,OK
2025-06-23,S010,Coventry Care & Education Centre,Midlands,MediSure,Medical Supplies,INV-2025-01072,8,156.0,1248.01,45,Legacy Spend File,249.602,1248.01,Y,OK
2025-04-19,S001,Preston Care & Education Centre,North,HealthStaffing,Agency Labour,INV-2025-01073,67,312.95,20967.46,45,Legacy Spend File,4193.492,20967.46,N,OK
2025-10-24,S002,Manchester Care & Education Centre,North,BuildCare,Facilities,INV-2025-01074,30,88.88,2666.46,30,ERP,533.292,2666.46,N,OK
2025-12-01,S001,Preston Care & Education Centre,North,SafeGuard FM,Facilities,INV-2025-01075,3,311.35,934.04,45,Legacy Spend File,186.808,934.04,N,OK
2025-11-29,S009,Derby Care & Education Centre,Midlands,PowerDirect,Utilities,INV-2025-01076,17,190.55,3239.29,30,ERP,647.8580000000001,3239.29,N,OK
2025-02-19,S003,Leeds Care & Education Centre,North,CareMed,Medical Supplies,INV-2025-01077,59,50.98,3007.63,60,ERP,601.5260000000001,3007.63,N,OK
2025-02-28,S016,Cardiff Care & Education Centre,Wales,FreshServe,Food & Catering,INV-2025-01078,64,51.36,3287.25,60,Legacy Spend File,657.45,3287.25,Y,OK
2025-08-07,S007,Nottingham Care & Education Centre,Midlands,FreshServe,Food & Catering,INV-2025-01079,44,148.38,6528.91,60,Legacy Spend File,1305.7820000000002,6528.91,Y,OK
2025-12-17,S019,Wrexham Care & Education Centre,Wales,FleetFuel,Vehicle & Fuel,INV-2025-01080,74,151.64,11221.24,60,ERP,2244.248,11221.24,Y,OK
2025-10-31,S009,Derby Care & Education Centre,Midlands,UK Energy Partners,Utilities,INV-2025-01081,23,206.38,4746.66,45,ERP,949.332,4746.66,N,OK
2025-08-01,S006,Birmingham Care & Education Centre,Midlands,CloudLink,IT & Telecoms,INV-2025-01082,22,181.55,3994.12,60,Procurement Portal,798.8240000000001,3994.12,Y,OK
2025-05-05,S002,Manchester Care & Education Centre,North,SafeGuard FM,Facilities,INV-2025-01083,75,150.82,11311.17,30,ERP,2262.234,11311.17,N,OK
2025-01-09,S005,Sheffield Care & Education Centre,North,HealthStaffing,Agency Labour,INV-2025-01084,63,940.11,59226.75,30,ERP,11845.35,59226.75,N,OK
2025-12-28,S006,Birmingham Care & Education Centre,Midlands,CleanWorks,Facilities,INV-2025-01085,76,222.08,16877.8,45,Procurement Portal,3375.56,16877.8,Y,OK
2025-03-06,S015,Brighton Care & Education Centre,South,PrintCo,Office & Training,INV-2025-01086,27,95.01,2565.34,30,Legacy Spend File,513.0680000000001,2565.34,N,OK
2025-05-03,S018,Newport Care & Education Centre,Wales,LearnWell,Office & Training,INV-2025-01087,23,132.18,3040.08,60,Legacy Spend File,608.016,3040.08,N,OK
2025-09-13,S004,Newcastle Care & Education Centre,North,BuildCare,Facilities,INV-2025-01088,79,205.26,16215.76,30,Legacy Spend File,3243.152,16215.76,N,OK
2025-01-03,S020,Bangor Care & Education Centre,Wales,RoadReady,Vehicle & Fuel,INV-2025-01089,72,82.39,5931.72,30,ERP,1186.344,5931.72,N,OK
2025-07-05,S007,Nottingham Care & Education Centre,Midlands,KitchenPro,Food & Catering,INV-2025-01090,70,58.35,4084.24,60,ERP,816.848,4084.24,N,OK
2025-01-28,S001,Preston Care & Education Centre,North,WaterGrid,Utilities,INV-2025-01091,25,240.35,6008.65,30,ERP,1201.73,6008.65,N,OK
2025-04-01,S008,Leicester Care & Education Centre,Midlands,LearnWell,Office & Training,INV-2025-01092,21,73.48,1543.08,60,ERP,308.616,1543.08,N,OK
2025-04-18,S007,Nottingham Care & Education Centre,Midlands,RoadReady,Vehicle & Fuel,INV-2025-01093,56,141.75,7938.07,45,Procurement Portal,1587.614,7938.07,N,OK
2025-02-23,S011,London Care & Education Centre,South,OfficePlus,Office & Training,INV-2025-01094,7,77.17,540.22,60,ERP,108.044,540.22,N,OK
2025-09-21,S013,Reading Care & Education Centre,South,CareMed,Medical Supplies,INV-2025-01095,15,179.55,2693.22,30,ERP,538.644,2693.22,N,OK
2025-10-24,S011,London Care & Education Centre,South,PrintCo,Office & Training,INV-2025-01096,42,71.74,3013.22,45,ERP,602.644,3013.22,N,OK
2025-02-26,S002,Manchester Care & Education Centre,North,fleetfuel,Vehicle & Fuel,INV-2025-01097,42,99.2,4166.35,30,ERP,833.2700000000001,4166.35,Y,OK
2025-07-12,S015,Brighton Care & Education Centre,South,HealthStaffing,Agency Labour,INV-2025-01098,29,99.96,2898.85,30,Procurement Portal,579.77,2898.85,N,OK
2025-08-12,S018,Newport Care & Education Centre,Wales,OfficePlus,Office & Training,INV-2025-01099,19,124.15,2358.8,30,Legacy Spend File,471.7600000000001,2358.8,N,OK
2025-07-11,S001,Preston Care & Education Centre,North,SafeGuard FM,Facilities,INV-2025-01100,18,217.79,3920.2,45,Legacy Spend File,784.04,3920.2,N,OK
2025-04-14,S020,Bangor Care & Education Centre,Wales,RoadReady,Vehicle & Fuel,INV-2025-01101,43,164.48,,30,ERP,0.0,0.0,N,Missing spend
2025-03-11,S006,Birmingham Care & Education Centre,Midlands,CareMed,Medical Supplies,INV-2025-01102,15,24.4,365.99,45,Procurement Portal,73.19800000000001,365.99,N,OK
2025-04-23,S016,Cardiff Care & Education Centre,Wales,SafeGuard FM,Facilities,INV-2025-01103,38,567.68,21571.95,60,ERP,4314.39,21571.95,N,OK
2025-10-11,S012,Bristol Care & Education Centre,South,BuildCare,Facilities,INV-2025-01104,30,166.7,5000.93,30,Procurement Portal,1000.186,5000.93,N,OK
2025-10-30,S015,Brighton Care & Education Centre,South,OfficePlus,Office & Training,INV-2025-01105,61,137.96,8415.77,45,Procurement Portal,1683.1540000000002,8415.77,N,OK
2025-05-07,S004,Newcastle Care & Education Centre,North,NurseLink,Agency Labour,INV-2025-01106,32,169.33,5418.48,45,Procurement Portal,1083.696,5418.48,N,OK
2025-03-18,S003,Leeds Care & Education Centre,North,PowerDirect,Utilities,INV-2025-01107,74,350.19,25914.34,30,Procurement Portal,5182.868,25914.34,N,OK
2025-09-16,S009,Derby Care & Education Centre,Midlands,CareMed,Medical Supplies,INV-2025-01108,5,67.23,336.15,45,Legacy Spend File,67.23,336.15,N,OK
2025-02-20,S001,Preston Care & Education Centre,North,PrintCo,Office & Training,INV-2025-01109,58,53.22,3086.7,45,ERP,617.34,3086.7,N,OK
2025-07-28,S007,Nottingham Care & Education Centre,Midlands,ClinEquip,Medical Supplies,INV-2025-01110,28,343.85,9627.83,30,Procurement Portal,1925.566,9627.83,N,OK
2025-02-16,S002,Manchester Care & Education Centre,North,PowerDirect,Utilities,INV-2025-01111,3,225.11,675.33,45,Legacy Spend File,135.066,675.33,N,OK
2025-08-24,S003,Leeds Care & Education Centre,North,BuildCare,Facilities,INV-2025-01112,74,202.87,15012.07,60,Legacy Spend File,3002.414,15012.07,N,OK
2025-03-12,S003,Leeds Care & Education Centre,North,LearnWell,Office & Training,INV-2025-01113,52,121.03,6293.48,30,Procurement Portal,1258.696,6293.48,N,OK
2025-11-21,S001,Preston Care & Education Centre,North,PrintCo,Office & Training,INV-2025-01114,1,98.51,98.51,60,ERP,19.702,98.51,N,OK
2025-01-17,S018,Newport Care & Education Centre,Wales,AutoCare,Vehicle & Fuel,INV-2025-01115,38,103.19,3921.36,45,Procurement Portal,784.272,3921.36,N,OK
2025-02-11,S014,Southampton Care & Education Centre,South,PowerDirect,Utilities,INV-2025-01116,80,305.57,24445.86,45,Legacy Spend File,4889.1720000000005,24445.86,N,OK
2025-02-26,S007,Nottingham Care & Education Centre,Midlands,FleetFuel,Vehicle & Fuel,INV-2025-01117,50,356.29,17814.69,45,Procurement Portal,3562.938,17814.69,Y,OK
2025-07-07,S016,Cardiff Care & Education Centre,Wales,CareMed,Medical Supplies,INV-2025-01118,23,116.26,2673.91,60,Legacy Spend File,534.782,2673.91,N,OK
2025-12-30,S006,Birmingham Care & Education Centre,Midlands,KitchenPro,Food & Catering,INV-2025-01119,27,72.6,1960.25,30,Procurement Portal,392.05,1960.25,N,OK
2025-09-02,S010,Coventry Care & Education Centre,Midlands,KitchenPro,Food & Catering,INV-2025-01120,75,115.84,8688.32,60,ERP,1737.664,8688.32,N,OK
2025-06-30,S002,Manchester Care & Education Centre,North,WaterGrid,Utilities,INV-2025-01121,35,459.21,16072.23,60,Legacy Spend File,3214.446,16072.23,N,OK
2025-02-02,S003,Leeds Care & Education Centre,North,CloudLink,IT & Telecoms,INV-2025-01122,48,422.63,20286.18,45,Procurement Portal,4057.236,20286.18,Y,OK
2025-12-30,S013,Reading Care & Education Centre,South,NourishCo,Food & Catering,INV-2025-01123,69,92.36,6372.81,60,Legacy Spend File,1274.562,6372.81,N,OK
2025-07-08,S010,Coventry Care & Education Centre,Midlands,PrintCo,Office & Training,INV-2025-01124,9,40.0,359.98,30,Procurement Portal,71.99600000000001,359.98,N,OK
2025-04-02,S006,Birmingham Care & Education Centre,Midlands,NourishCo,Food & Catering,INV-2025-01125,37,159.62,5905.81,30,ERP,1181.162,5905.81,N,OK
2025-12-23,S007,Nottingham Care & Education Centre,Midlands,CloudLink,IT & Telecoms,INV-2025-01126,19,117.11,2225.14,45,ERP,445.028,2225.14,Y,OK
2025-08-02,S010,Coventry Care & Education Centre,Midlands,CareMed,Medical Supplies,INV-2025-01127,70,141.73,9921.27,30,Procurement Portal,1984.254,9921.27,N,OK
2025-11-27,S008,Leicester Care & Education Centre,Midlands,CareTemps,Agency Labour,INV-2025-01128,3,198.13,594.39,45,ERP,118.878,594.39,N,OK
2025-09-24,S015,Brighton Care & Education Centre,South,MediSure,Medical Supplies,INV-2025-01129,43,115.84,4981.15,45,Legacy Spend File,996.23,4981.15,Y,OK
2025-10-31,S013,Reading Care & Education Centre,South,RoadReady,Vehicle & Fuel,INV-2025-01130,68,113.83,7740.36,60,Procurement Portal,1548.072,7740.36,N,OK
2025-03-09,S018,Newport Care & Education Centre,Wales,NetServe,IT & Telecoms,INV-2025-01131,40,262.53,10501.29,30,Procurement Portal,2100.2580000000003,10501.29,N,OK
2025-05-28,S002,Manchester Care & Education Centre,North,LearnWell,Office & Training,INV-2025-01132,7,94.59,662.13,30,Procurement Portal,132.42600000000002,662.13,N,OK
2025-11-13,S011,London Care & Education Centre,South,OfficePlus,Office & Training,INV-2025-01133,21,182.19,3825.91,60,Legacy Spend File,765.182,3825.91,N,OK
2025-12-29,S006,Birmingham Care & Education Centre,Midlands,CleanWorks,Facilities,INV-2025-01134,20,231.0,4619.92,30,ERP,923.984,4619.92,Y,OK
2025-10-22,S004,Newcastle Care & Education Centre,North,CareMed,Medical Supplies,INV-2025-01135,17,104.92,1783.65,45,Procurement Portal,356.73,1783.65,N,OK
2025-10-15,S007,Nottingham Care & Education Centre,Midlands,CleanWorks,Facilities,INV-2025-01136,5,305.88,1529.42,60,Procurement Portal,305.884,1529.42,Y,OK
2025-08-18,S009,Derby Care & Education Centre,Midlands,SafeGuard FM,Facilities,INV-2025-01137,70,346.25,24237.61,30,Legacy Spend File,4847.522,24237.61,N,OK
2025-07-27,S017,Swansea Care & Education Centre,Wales,FreshServe,Food & Catering,INV-2025-01138,64,33.09,2117.7,30,Procurement Portal,423.54,2117.7,Y,OK
2025-10-07,S013,Reading Care & Education Centre,South,CleanWorks,Facilities,INV-2025-01139,65,250.02,16251.07,45,Legacy Spend File,3250.214,16251.07,Y,OK
2025-05-29,S008,Leicester Care & Education Centre,Midlands,TeleCare IT,IT & Telecoms,INV-2025-01140,74,323.52,23940.76,60,ERP,4788.152,23940.76,N,OK
2025-12-19,S005,Sheffield Care & Education Centre,North,LearnWell,Office & Training,INV-2025-01141,15,63.68,955.16,60,Procurement Portal,191.032,955.16,N,OK
2025-10-10,S006,Birmingham Care & Education Centre,Midlands,BuildCare,Facilities,INV-2025-01142,15,383.6,5753.97,45,ERP,1150.794,5753.97,N,OK
2025-07-02,S016,Cardiff Care & Education Centre,Wales,WaterGrid,Utilities,INV-2025-01143,12,230.2,2762.35,45,ERP,552.47,2762.35,N,OK
2025-09-27,S018,Newport Care & Education Centre,Wales,PowerDirect,Utilities,INV-2025-01144,29,267.88,7768.43,45,ERP,1553.686,7768.43,N,OK
2025-08-17,S002,Manchester Care & Education Centre,North,KitchenPro,Food & Catering,INV-2025-01145,12,59.1,709.18,60,Procurement Portal,141.83599999999998,709.18,N,OK
2025-11-05,S003,Leeds Care & Education Centre,North,LearnWell,Office & Training,INV-2025-01146,78,75.65,5900.34,60,ERP,1180.068,5900.34,N,OK
2025-03-17,S006,Birmingham Care & Education Centre,Midlands,RoadReady,Vehicle & Fuel,INV-2025-01147,55,51.98,2859.09,45,Procurement Portal,571.8180000000001,2859.09,N,OK
2025-06-26,S020,Bangor Care & Education Centre,Wales,CareMed,Medical Supplies,INV-2025-01148,45,54.35,2445.8,45,Procurement Portal,489.1600000000001,2445.8,N,OK
2025-08-16,S017,Swansea Care & Education Centre,Wales,FreshServe,Food & Catering,INV-2025-01149,54,156.24,8436.72,45,Procurement Portal,1687.344,8436.72,Y,OK
2025-08-01,S019,Wrexham Care & Education Centre,Wales,NurseLink,Agency Labour,INV-2025-01150,18,188.28,3389.12,60,Legacy Spend File,677.8240000000001,3389.12,N,OK
2025-06-05,S001,Preston Care & Education Centre,North,CleanWorks,Facilities,INV-2025-01151,61,104.34,6364.97,60,Procurement Portal,1272.994,6364.97,Y,OK
2025-01-04,S019,Wrexham Care & Education Centre,Wales,HealthStaffing,Agency Labour,INV-2025-01152,53,91.78,4864.45,60,Procurement Portal,972.89,4864.45,N,OK
2025-08-25,S013,Reading Care & Education Centre,South,BuildCare,Facilities,INV-2025-01153,73,126.66,9246.38,30,ERP,1849.276,9246.38,N,OK
2025-10-11,S018,Newport Care & Education Centre,Wales,CareTemps,Agency Labour,INV-2025-01154,63,144.91,9129.06,30,Procurement Portal,1825.812,9129.06,N,OK
2025-10-14,S014,Southampton Care & Education Centre,South,TeleCare IT,IT & Telecoms,INV-2025-01155,60,542.8,32567.84,30,ERP,6513.568,32567.84,N,OK
2025-06-03,S001,Preston Care & Education Centre,North,SafeGuard FM,Facilities,INV-2025-01156,61,313.67,19134.15,30,Legacy Spend File,3826.83,19134.15,N,OK
2025-04-02,S006,Birmingham Care & Education Centre,Midlands,TeleCare IT,IT & Telecoms,INV-2025-01157,63,150.68,9492.71,60,Legacy Spend File,1898.542,9492.71,N,OK
2025-05-22,S008,Leicester Care & Education Centre,Midlands,MediSure,Medical Supplies,INV-2025-01158,64,414.19,26508.34,30,Legacy Spend File,5301.668000000001,26508.34,Y,OK
2025-09-04,S016,Cardiff Care & Education Centre,Wales,AutoCare,Vehicle & Fuel,INV-2025-01159,73,163.02,11900.16,45,Procurement Portal,2380.032,11900.16,N,OK
2025-03-03,S009,Derby Care & Education Centre,Midlands,PrintCo,Office & Training,INV-2025-01160,48,62.73,3011.01,60,Legacy Spend File,602.2020000000001,3011.01,N,OK
2025-03-25,S015,Brighton Care & Education Centre,South,CareMed,Medical Supplies,INV-2025-01161,75,30.35,2276.3,30,ERP,455.2600000000001,2276.3,N,OK
2025-03-11,S006,Birmingham Care & Education Centre,Midlands,PrintCo,Office & Training,INV-2025-01162,46,264.41,12162.93,30,ERP,2432.586,12162.93,N,OK
2025-11-22,S001,Preston Care & Education Centre,North,RoadReady,Vehicle & Fuel,INV-2025-01163,46,44.24,2035.0,30,Procurement Portal,407.0,2035.0,N,OK
2025-04-10,S014,Southampton Care & Education Centre,South,KitchenPro,Food & Catering,INV-2025-01164,24,26.3,631.1,30,Legacy Spend File,126.22,631.1,N,OK
2025-06-15,S016,Cardiff Care & Education Centre,Wales,BuildCare,Facilities,INV-2025-01165,41,315.88,12951.19,60,Procurement Portal,2590.2380000000003,12951.19,N,OK
2025-10-01,S019,Wrexham Care & Education Centre,Wales,FleetFuel,Vehicle & Fuel,INV-2025-01166,75,363.49,27261.45,45,ERP,5452.290000000001,27261.45,Y,OK
2025-05-25,S012,Bristol Care & Education Centre,South,BuildCare,Facilities,INV-2025-01167,48,385.41,18499.67,45,Procurement Portal,3699.934,18499.67,N,OK
2025-04-22,S007,Nottingham Care & Education Centre,Midlands,CleanWorks,Facilities,INV-2025-01168,20,245.45,4909.07,60,ERP,981.814,4909.07,Y,OK
2025-08-24,S005,Sheffield Care & Education Centre,North,NourishCo,Food & Catering,INV-2025-01169,10,90.15,901.52,30,ERP,180.304,901.52,N,OK
2025-06-09,S006,Birmingham Care & Education Centre,Midlands,LearnWell,Office & Training,INV-2025-01170,47,119.93,5636.48,30,Procurement Portal,1127.296,5636.48,N,OK
2025-12-30,S014,Southampton Care & Education Centre,South,FleetFuel,Vehicle & Fuel,INV-2025-01171,39,144.21,5624.29,30,Legacy Spend File,1124.858,5624.29,Y,OK
2025-12-22,S003,Leeds Care & Education Centre,North,UK Energy Partners,Utilities,INV-2025-01172,19,291.81,5544.46,60,ERP,1108.892,5544.46,N,OK
2025-03-08,S017,Swansea Care & Education Centre,Wales,CleanWorks,Facilities,INV-2025-01173,11,190.62,2096.79,45,Legacy Spend File,419.358,2096.79,Y,OK
2025-09-05,S013,Reading Care & Education Centre,South,FreshServe,Food & Catering,INV-2025-01174,56,62.8,3516.82,30,ERP,703.364,3516.82,Y,OK
2025-09-20,S003,Leeds Care & Education Centre,North,ClinEquip,Medical Supplies,INV-2025-01175,76,79.27,6024.23,30,Procurement Portal,1204.846,6024.23,N,OK
2025-02-03,S007,Nottingham Care & Education Centre,Midlands,CloudLink,IT & Telecoms,INV-2025-01176,39,188.53,7352.66,60,ERP,1470.5320000000002,7352.66,Y,OK
2025-11-05,S007,Nottingham Care & Education Centre,Midlands,FreshServe,Food & Catering,INV-2025-01177,27,25.62,691.66,60,ERP,138.332,691.66,Y,OK
2025-02-16,S006,Birmingham Care & Education Centre,Midlands,FleetFuel,Vehicle & Fuel,INV-2025-01178,19,90.0,1709.97,60,Procurement Portal,341.994,1709.97,Y,OK
2025-03-24,S020,Bangor Care & Education Centre,Wales,RoadReady,Vehicle & Fuel,INV-2025-01179,65,55.16,3585.09,60,Legacy Spend File,717.018,3585.09,N,OK
2025-10-24,S006,Birmingham Care & Education Centre,Midlands,FreshServe,Food & Catering,INV-2025-01180,2,35.42,70.85,60,ERP,14.17,70.85,Y,OK
2025-03-29,S011,London Care & Education Centre,South,WaterGrid,Utilities,INV-2025-01181,69,276.0,19044.03,30,Legacy Spend File,3808.806,19044.03,N,OK
2025-12-29,S017,Swansea Care & Education Centre,Wales,PowerDirect,Utilities,INV-2025-01182,61,537.57,32791.87,45,Legacy Spend File,6558.374000000001,32791.87,N,OK
2025-12-11,S018,Newport Care & Education Centre,Wales,SafeGuard FM,Facilities,INV-2025-01183,14,298.28,4175.91,30,Procurement Portal,835.182,4175.91,N,OK
2025-09-21,S006,Birmingham Care & Education Centre,Midlands,HealthStaffing,Agency Labour,INV-2025-01184,30,126.47,3794.11,45,ERP,758.8220000000001,3794.11,N,OK
2025-08-27,S008,Leicester Care & Education Centre,Midlands,FleetFuel,Vehicle & Fuel,INV-2025-01185,15,55.12,826.86,60,ERP,165.372,826.86,Y,OK
2025-05-28,S002,Manchester Care & Education Centre,North,AutoCare,Vehicle & Fuel,INV-2025-01186,72,159.38,11475.47,60,ERP,2295.094,11475.47,N,OK
2025-03-01,S016,Cardiff Care & Education Centre,Wales,RoadReady,Vehicle & Fuel,INV-2025-01187,50,55.34,2767.04,45,Procurement Portal,553.408,2767.04,N,OK
2025-08-16,S014,Southampton Care & Education Centre,South,NetServe,IT & Telecoms,INV-2025-01188,29,194.43,5638.51,60,Procurement Portal,1127.702,5638.51,N,OK
2025-02-05,S010,Coventry Care & Education Centre,Midlands,HealthStaffing,Agency Labour,INV-2025-01189,61,405.98,24764.96,60,Procurement Portal,4952.992,24764.96,N,OK
2025-09-09,S019,Wrexham Care & Education Centre,Wales,ClinEquip,Medical Supplies,INV-2025-01190,14,70.45,986.3,45,Procurement Portal,197.26,986.3,N,OK
2025-03-15,S017,Swansea Care & Education Centre,Wales,FreshServe,Food & Catering,INV-2025-01191,51,68.88,3512.8,45,Legacy Spend File,702.5600000000001,3512.8,Y,OK
2025-03-28,S019,Wrexham Care & Education Centre,Wales,KitchenPro,Food & Catering,INV-2025-01192,9,31.21,280.87,45,ERP,56.17400000000001,280.87,N,OK
2025-07-26,S011,London Care & Education Centre,South,PowerDirect,Utilities,INV-2025-01193,16,179.6,2873.53,30,Procurement Portal,574.706,2873.53,N,OK
2025-10-25,S016,Cardiff Care & Education Centre,Wales,LearnWell,Office & Training,INV-2025-01194,76,89.42,6796.08,45,Legacy Spend File,1359.216,6796.08,N,OK
2025-12-08,S008,Leicester Care & Education Centre,Midlands,RoadReady,Vehicle & Fuel,INV-2025-01195,78,39.56,3085.41,45,Procurement Portal,617.082,3085.41,N,OK
2025-08-21,S001,Preston Care & Education Centre,North,CloudLink,IT & Telecoms,INV-2025-01196,14,280.31,3924.31,30,Procurement Portal,784.8620000000001,3924.31,Y,OK
2025-11-18,S017,Swansea Care & Education Centre,Wales,OfficePlus,Office & Training,INV-2025-01197,18,74.19,1335.5,30,ERP,267.1,1335.5,N,OK
2025-09-13,S003,Leeds Care & Education Centre,North,MediSure,Medical Supplies,INV-2025-01198,4,162.61,650.44,30,Procurement Portal,130.08800000000002,650.44,Y,OK
2025-06-05,S019,Wrexham Care & Education Centre,Wales,FleetFuel,Vehicle & Fuel,INV-2025-01199,80,107.45,8596.03,60,ERP,1719.206,8596.03,Y,OK
2025-09-24,S020,Bangor Care & Education Centre,Wales,KitchenPro,Food & Catering,INV-2025-01200,64,137.64,8809.16,45,ERP,1761.832,8809.16,N,OK
